index,Ch0,Ch1
32812,1776,1761
32813,1776,1761
32814,1776,1761
32815,1776,1758
32816,1776,1760
32817,1776,1762
32818,1776,1760
32819,1776,1758
32820,1776,1761
32821,1776,1761
32822,1776,1763
32823,1776,1762
32824,1776,1760
32825,1776,1759
32826,1776,1759
32827,1776,1762
32828,1776,1758
32829,1776,1759
32830,1776,1762
32831,1775,1761
32832,1774,1761
32833,1775,1761
32834,1774,1760
32835,1773,1759
32836,1774,1761
32837,1773,1761
32838,1773,1761
32839,1775,1762
32840,1774,1760
32841,1774,1761
32842,1774,1761
32843,1773,1763
32844,1773,1761
32845,1775,1761
32846,1775,1761
32847,1775,1762
32848,1776,1763
32849,1775,1765
32850,1776,1762
32851,1775,1761
32852,1775,1762
32853,1775,1761
32854,1775,1762
32855,1776,1763
32856,1775,1762
32857,1776,1765
32858,1776,1765
32859,1776,1759
32860,1776,1762
32861,1776,1761
32862,1776,1762
32863,1776,1763
32864,1776,1763
32865,1777,1762
32866,1777,1762
32867,1776,1761
32868,1776,1762
32869,1776,1762
32870,1776,1760
32871,1776,1762
32872,1776,1761
32873,1775,1762
32874,1776,1762
32875,1776,1761
32876,1774,1761
32877,1775,1760
32878,1775,1761
32879,1774,1759
32880,1775,1760
32881,1775,1760
32882,1775,1762
32883,1775,1761
32884,1775,1762
32885,1775,1761
32886,1775,1762
32887,1775,1762
32888,1775,1761
32889,1776,1759
32890,1774,1761
32891,1776,1762
32892,1776,1762
32893,1776,1761
32894,1776,1760
32895,1776,1763
32896,1776,1760
32897,1776,1762
32898,1778,1763
32899,1776,1761
32900,1777,1764
32901,1776,1763
32902,1777,1765
32903,1776,1762
32904,1775,1763
32905,1776,1763
32906,1776,1760
32907,1776,1760
32908,1776,1761
32909,1776,1762
32910,1776,1761
32911,1776,1760
32912,1776,1761
32913,1776,1762
32914,1776,1762
32915,1775,1760
32916,1774,1761
32917,1772,1760
32918,1771,1759
32919,1771,1762
32920,1772,1760
32921,1771,1761
32922,1771,1761
32923,1771,1761
32924,1769,1760
32925,1773,1762
32926,1772,1761
32927,1773,1761
32928,1773,1759
32929,1772,1761
32930,1774,1761
32931,1774,1761
32932,1774,1760
32933,1775,1763
32934,1776,1762
32935,1776,1761
32936,1775,1761
32937,1775,1760
32938,1776,1760
32939,1776,1761
32940,1776,1761
32941,1775,1761
32942,1776,1762
32943,1775,1762
32944,1776,1761
32945,1776,1759
32946,1775,1760
32947,1771,1759
32948,1771,1761
32949,1771,1761
32950,1770,1759
32951,1770,1761
32952,1770,1758
32953,1771,1762
32954,1771,1761
32955,1771,1760
32956,1771,1760
32957,1771,1761
32958,1771,1764
32959,1772,1760
32960,1773,1759
32961,1774,1761
32962,1775,1761
32963,1775,1761
32964,1776,1761
32965,1775,1762
32966,1776,1763
32967,1776,1760
32968,1776,1760
32969,1776,1762
32970,1776,1761
32971,1776,1761
32972,1776,1760
32973,1776,1762
32974,1776,1762
32975,1777,1763
32976,1777,1762
32977,1777,1762
32978,1777,1763
32979,1778,1763
32980,1776,1760
32981,1777,1763
32982,1776,1761
32983,1776,1762
32984,1776,1761
32985,1777,1762
32986,1776,1761
32987,1776,1762
32988,1776,1761
32989,1776,1761
32990,1776,1763
32991,1776,1761
32992,1775,1763
32993,1773,1760
32994,1776,1761
32995,1774,1763
32996,1775,1762
32997,1776,1762
32998,1776,1760
32999,1773,1762
33000,1775,1761
33001,1776,1761
33002,1775,1762
33003,1776,1761
33004,1774,1763
33005,1775,1761
33006,1774,1760
33007,1774,1761
33008,1775,1762
33009,1776,1760
33010,1776,1761
33011,1776,1761
33012,1775,1761
33013,1776,1760
33014,1776,1761
33015,1777,1762
33016,1776,1763
33017,1776,1761
33018,1777,1762
33019,1776,1763
33020,1776,1763
33021,1776,1760
33022,1776,1762
33023,1776,1761
33024,1775,1761
33025,1776,1763
33026,1776,1763
33027,1776,1761
33028,1776,1762
33029,1775,1762
33030,1776,1764
33031,1776,1762
33032,1776,1762
33033,1776,1760
33034,1776,1759
33035,1774,1761
33036,1775,1761
33037,1775,1759
33038,1774,1761
33039,1773,1763
33040,1774,1760
33041,1774,1761
33042,1774,1760
33043,1775,1761
33044,1774,1761
33045,1775,1759
33046,1775,1760
33047,1775,1762
33048,1776,1763
33049,1776,1761
33050,1775,1760
33051,1776,1760
33052,1776,1761
33053,1776,1762
33054,1775,1761
33055,1776,1762
33056,1776,1761
33057,1776,1762
33058,1776,1761
33059,1776,1759
33060,1776,1761
33061,1776,1761
33062,1776,1764
33063,1776,1760
33064,1776,1762
33065,1776,1761
33066,1775,1760
33067,1776,1763
33068,1776,1762
33069,1776,1761
33070,1776,1761
33071,1776,1762
33072,1776,1762
33073,1776,1762
33074,1776,1761
33075,1776,1761
33076,1775,1761
33077,1776,1761
33078,1775,1761
33079,1776,1763
33080,1776,1760
33081,1776,1761
33082,1776,1762
33083,1776,1762
33084,1776,1760
33085,1776,1761
33086,1777,1762
33087,1776,1761
33088,1776,1759
33089,1777,1762
33090,1776,1762
33091,1776,1762
33092,1777,1763
33093,1776,1762
33094,1776,1761
33095,1776,1761
33096,1776,1761
33097,1776,1763
33098,1776,1761
33099,1776,1762
33100,1776,1761
33101,1776,1759
33102,1776,1763
33103,1776,1762
33104,1776,1762
33105,1776,1762
33106,1775,1763
33107,1775,1761
33108,1775,1761
33109,1776,1763
33110,1776,1762
33111,1776,1760
33112,1776,1761
33113,1776,1761
33114,1776,1761
33115,1776,1762
33116,1776,1761
33117,1774,1762
33118,1773,1763
33119,1775,1762
33120,1776,1759
33121,1773,1761
33122,1775,1762
33123,1774,1760
33124,1776,1760
33125,1776,1762
33126,1776,1763
33127,1776,1763
33128,1776,1763
33129,1776,1761
33130,1776,1763
33131,1777,1761
33132,1776,1762
33133,1777,1763
33134,1776,1759
33135,1775,1762
33136,1776,1766
33137,1776,1762
33138,1776,1763
33139,1776,1761
33140,1776,1761
33141,1778,1763
33142,1777,1761
33143,1776,1762
33144,1777,1762
33145,1776,1761
33146,1776,1762
33147,1776,1761
33148,1776,1764
33149,1776,1763
33150,1776,1762
33151,1776,1765
33152,1777,1764
33153,1776,1761
33154,1776,1761
33155,1776,1762
33156,1776,1759
33157,1776,1763
33158,1775,1762
33159,1775,1761
33160,1775,1761
33161,1773,1761
33162,1776,1766
33163,1776,1760
33164,1776,1762
33165,1776,1762
33166,1776,1759
33167,1776,1762
33168,1776,1762
33169,1777,1761
33170,1776,1763
33171,1776,1762
33172,1777,1762
33173,1776,1763
33174,1776,1763
33175,1776,1764
33176,1777,1762
33177,1776,1761
33178,1776,1761
33179,1776,1763
33180,1776,1761
33181,1776,1760
33182,1776,1760
33183,1776,1761
33184,1776,1762
33185,1775,1762
33186,1774,1759
33187,1776,1761
33188,1776,1761
33189,1776,1760
33190,1776,1759
33191,1776,1761
33192,1776,1762
33193,1776,1761
33194,1776,1761
33195,1775,1762
33196,1776,1761
33197,1774,1762
33198,1775,1762
33199,1776,1762
33200,1776,1762
33201,1775,1763
33202,1777,1762
33203,1776,1761
33204,1776,1762
33205,1776,1759
33206,1777,1760
33207,1776,1761
33208,1776,1761
33209,1776,1763
33210,1776,1762
33211,1776,1761
33212,1777,1762
33213,1776,1762
33214,1776,1761
33215,1777,1762
33216,1776,1761
33217,1778,1762
33218,1776,1761
33219,1776,1763
33220,1777,1765
33221,1776,1763
33222,1776,1761
33223,1776,1762
33224,1776,1763
33225,1776,1761
33226,1776,1761
33227,1776,1759
33228,1776,1761
33229,1776,1761
33230,1773,1761
33231,1775,1761
33232,1776,1760
33233,1774,1762
33234,1774,1763
33235,1776,1759
33236,1775,1761
33237,1774,1759
33238,1775,1760
33239,1775,1759
33240,1775,1763
33241,1775,1762
33242,1775,1760
33243,1776,1760
33244,1776,1761
33245,1776,1760
33246,1776,1761
33247,1776,1760
33248,1776,1762
33249,1776,1762
33250,1776,1761
33251,1776,1763
33252,1776,1762
33253,1777,1761
33254,1776,1765
33255,1776,1761
33256,1776,1763
33257,1776,1761
33258,1776,1763
33259,1776,1762
33260,1777,1764
33261,1776,1762
33262,1776,1761
33263,1776,1763
33264,1776,1760
33265,1776,1762
33266,1776,1761
33267,1776,1762
33268,1776,1759
33269,1776,1763
33270,1774,1764
33271,1775,1762
33272,1776,1762
33273,1775,1761
33274,1775,1762
33275,1776,1763
33276,1775,1762
33277,1774,1762
33278,1773,1761
33279,1772,1763
33280,1775,1760
33281,1775,1761
33282,1776,1760
33283,1776,1765
33284,1775,1764
33285,1776,1761
33286,1775,1762
33287,1776,1764
33288,1776,1761
33289,1775,1763
33290,1775,1762
33291,1776,1761
33292,1776,1762
33293,1776,1763
33294,1776,1761
33295,1777,1761
33296,1776,1761
33297,1776,1760
33298,1776,1761
33299,1776,1761
33300,1776,1762
33301,1776,1763
33302,1776,1764
33303,1776,1763
33304,1775,1762
33305,1776,1765
33306,1775,1762
33307,1773,1763
33308,1775,1762
33309,1774,1761
33310,1775,1761
33311,1773,1762
33312,1773,1761
33313,1774,1759
33314,1775,1762
33315,1775,1763
33316,1775,1763
33317,1775,1765
33318,1773,1760
33319,1775,1761
33320,1776,1761
33321,1776,1761
33322,1776,1762
33323,1776,1763
33324,1776,1763
33325,1776,1762
33326,1776,1762
33327,1776,1763
33328,1776,1765
33329,1776,1762
33330,1776,1767
33331,1776,1764
33332,1776,1765
33333,1776,1761
33334,1776,1763
33335,1776,1761
33336,1776,1764
33337,1775,1760
33338,1776,1763
33339,1776,1762
33340,1776,1762
33341,1776,1762
33342,1773,1762
33343,1776,1762
33344,1776,1761
33345,1776,1763
33346,1775,1761
33347,1774,1759
33348,1774,1759
33349,1775,1759
33350,1775,1760
33351,1773,1761
33352,1776,1761
33353,1775,1761
33354,1776,1759
33355,1775,1759
33356,1776,1763
33357,1776,1761
33358,1774,1761
33359,1774,1760
33360,1774,1762
33361,1773,1762
33362,1775,1761
33363,1773,1762
33364,1775,1763
33365,1775,1761
33366,1776,1761
33367,1776,1764
33368,1776,1760
33369,1775,1763
33370,1776,1761
33371,1776,1763
33372,1776,1763
33373,1776,1761
33374,1776,1762
33375,1775,1760
33376,1775,1761
33377,1776,1762
33378,1774,1761
33379,1776,1759
33380,1775,1761
33381,1775,1760
33382,1776,1762
33383,1776,1759
33384,1775,1758
33385,1776,1762
33386,1774,1762
33387,1774,1761
33388,1773,1762
33389,1774,1764
33390,1774,1759
33391,1774,1760
33392,1774,1761
33393,1774,1760
33394,1775,1759
33395,1776,1762
33396,1774,1761
33397,1774,1761
33398,1775,1762
33399,1772,1760
33400,1774,1762
33401,1774,1759
33402,1774,1761
33403,1776,1762
33404,1776,1763
33405,1776,1761
33406,1776,1763
33407,1776,1762
33408,1776,1761
33409,1776,1760
33410,1775,1760
33411,1776,1759
33412,1775,1759
33413,1776,1761
33414,1776,1759
33415,1775,1761
33416,1776,1760
33417,1776,1762
33418,1775,1761
33419,1776,1758
33420,1776,1761
33421,1776,1761
33422,1776,1758
33423,1776,1759
33424,1776,1763
33425,1776,1761
33426,1775,1764
33427,1775,1760
33428,1773,1759
33429,1775,1761
33430,1771,1760
33431,1775,1763
33432,1774,1760
33433,1772,1761
33434,1773,1763
33435,1774,1760
33436,1771,1761
33437,1771,1762
33438,1774,1760
33439,1774,1762
33440,1773,1764
33441,1775,1762
33442,1774,1761
33443,1776,1760
33444,1776,1762
33445,1776,1760
33446,1775,1761
33447,1776,1763
33448,1776,1760
33449,1774,1763
33450,1776,1760
33451,1775,1760
33452,1774,1761
33453,1776,1763
33454,1776,1759
33455,1774,1762
33456,1776,1762
33457,1776,1763
33458,1775,1760
33459,1775,1763
33460,1776,1763
33461,1774,1762
33462,1775,1761
33463,1773,1760
33464,1771,1760
33465,1775,1760
33466,1774,1760
33467,1774,1762
33468,1773,1762
33469,1770,1762
33470,1773,1758
33471,1773,1762
33472,1772,1762
33473,1775,1761
33474,1776,1760
33475,1775,1761
33476,1773,1760
33477,1776,1761
33478,1775,1759
33479,1775,1761
33480,1775,1761
33481,1775,1760
33482,1776,1763
33483,1776,1763
33484,1776,1762
33485,1775,1761
33486,1776,1762
33487,1776,1761
33488,1776,1759
33489,1776,1760
33490,1776,1762
33491,1776,1761
33492,1776,1761
33493,1776,1761
33494,1776,1761
33495,1776,1761
33496,1776,1761
33497,1776,1762
33498,1776,1763
33499,1775,1761
33500,1774,1760
33501,1773,1762
33502,1773,1759
33503,1773,1760
33504,1775,1760
33505,1775,1762
33506,1773,1761
33507,1774,1759
33508,1774,1762
33509,1776,1761
33510,1771,1761
33511,1773,1760
33512,1770,1759
33513,1774,1758
33514,1774,1760
33515,1772,1762
33516,1772,1761
33517,1773,1763
33518,1770,1761
33519,1769,1763
33520,1766,1760
33521,1772,1762
33522,1771,1759
33523,1770,1761
33524,1774,1761
33525,1773,1762
33526,1775,1759
33527,1775,1761
33528,1776,1761
33529,1776,1761
33530,1775,1761
33531,1776,1761
33532,1776,1763
33533,1776,1764
33534,1776,1760
33535,1776,1762
33536,1776,1764
33537,1775,1761
33538,1776,1764
33539,1776,1762
33540,1775,1765
33541,1776,1763
33542,1775,1763
33543,1775,1762
33544,1774,1762
33545,1775,1762
33546,1775,1761
33547,1771,1761
33548,1771,1764
33549,1771,1763
33550,1773,1763
33551,1774,1763
33552,1775,1764
33553,1774,1762
33554,1775,1763
33555,1775,1761
33556,1775,1761
33557,1776,1760
33558,1776,1763
33559,1776,1760
33560,1776,1763
33561,1775,1762
33562,1776,1763
33563,1776,1760
33564,1776,1765
33565,1776,1767
33566,1776,1762
33567,1776,1762
33568,1776,1760
33569,1776,1763
33570,1776,1760
33571,1776,1764
33572,1776,1762
33573,1776,1763
33574,1776,1763
33575,1776,1763
33576,1776,1763
33577,1776,1766
33578,1776,1763
33579,1776,1762
33580,1775,1762
33581,1776,1763
33582,1775,1763
33583,1776,1761
33584,1774,1762
33585,1775,1762
33586,1775,1761
33587,1776,1761
33588,1774,1761
33589,1774,1763
33590,1776,1762
33591,1775,1763
33592,1776,1761
33593,1775,1761
33594,1776,1763
33595,1776,1761
33596,1776,1760
33597,1776,1763
33598,1776,1760
33599,1776,1761
33600,1776,1762
33601,1776,1760
33602,1776,1763
33603,1776,1761
33604,1776,1761
33605,1776,1765
33606,1776,1765
33607,1776,1762
33608,1775,1761
33609,1775,1761
33610,1776,1762
33611,1776,1761
33612,1776,1765
33613,1776,1761
33614,1776,1761
33615,1776,1762
33616,1776,1761
33617,1776,1762
33618,1776,1762
33619,1776,1763
33620,1776,1761
33621,1776,1762
33622,1776,1762
33623,1775,1761
33624,1775,1761
33625,1775,1762
33626,1776,1762
33627,1776,1761
33628,1775,1763
33629,1776,1762
33630,1774,1761
33631,1776,1759
33632,1776,1763
33633,1772,1758
33634,1774,1760
33635,1775,1762
33636,1774,1762
33637,1775,1760
33638,1774,1760
33639,1776,1762
33640,1776,1762
33641,1776,1761
33642,1776,1761
33643,1776,1761
33644,1776,1763
33645,1776,1761
33646,1776,1759
33647,1776,1761
33648,1776,1762
33649,1776,1763
33650,1776,1762
33651,1776,1761
33652,1776,1761
33653,1776,1762
33654,1776,1761
33655,1776,1761
33656,1776,1761
33657,1776,1762
33658,1775,1761
33659,1776,1761
33660,1775,1761
33661,1776,1761
33662,1774,1761
33663,1776,1759
33664,1775,1761
33665,1775,1762
33666,1773,1761
33667,1773,1762
33668,1773,1761
33669,1774,1761
33670,1773,1761
33671,1775,1760
33672,1775,1761
33673,1776,1760
33674,1774,1760
33675,1776,1765
33676,1775,1759
33677,1776,1762
33678,1775,1762
33679,1776,1761
33680,1776,1760
33681,1777,1760
33682,1776,1762
33683,1776,1762
33684,1776,1764
33685,1776,1761
33686,1776,1761
33687,1776,1762
33688,1776,1759
33689,1776,1760
33690,1777,1761
33691,1778,1759
33692,1776,1762
33693,1776,1761
33694,1776,1761
33695,1775,1759
33696,1775,1762
33697,1776,1762
33698,1775,1762
33699,1776,1758
33700,1775,1760
33701,1776,1760
33702,1776,1761
33703,1775,1760
33704,1776,1761
33705,1776,1763
33706,1776,1759
33707,1776,1762
33708,1775,1761
33709,1775,1762
33710,1776,1760
33711,1776,1761
33712,1776,1761
33713,1776,1761
33714,1776,1760
33715,1776,1762
33716,1776,1759
33717,1776,1761
33718,1776,1760
33719,1776,1764
33720,1776,1761
33721,1778,1762
33722,1776,1762
33723,1776,1763
33724,1775,1759
33725,1776,1762
33726,1777,1762
33727,1777,1763
33728,1776,1758
33729,1776,1761
33730,1776,1762
33731,1776,1762
33732,1776,1760
33733,1776,1762
33734,1776,1759
33735,1776,1762
33736,1776,1759
33737,1776,1763
33738,1776,1760
33739,1777,1761
33740,1776,1762
33741,1776,1762
33742,1775,1762
33743,1773,1761
33744,1773,1759
33745,1775,1760
33746,1774,1761
33747,1776,1761
33748,1775,1761
33749,1774,1761
33750,1776,1763
33751,1774,1762
33752,1774,1761
33753,1774,1762
33754,1774,1762
33755,1776,1760
33756,1774,1762
33757,1776,1761
33758,1776,1758
33759,1776,1759
33760,1776,1760
33761,1776,1760
33762,1776,1762
33763,1776,1761
33764,1776,1761
33765,1776,1760
33766,1776,1761
33767,1776,1761
33768,1776,1761
33769,1776,1761
33770,1777,1762
33771,1776,1761
33772,1778,1762
33773,1777,1759
33774,1776,1762
33775,1776,1761
33776,1777,1759
33777,1776,1760
33778,1776,1763
33779,1776,1760
33780,1776,1761
33781,1776,1761
33782,1775,1761
33783,1776,1762
33784,1776,1759
33785,1776,1760
33786,1775,1760
33787,1775,1760
33788,1775,1760
33789,1776,1759
33790,1776,1762
33791,1775,1761
33792,1775,1760
33793,1775,1760
33794,1776,1760
33795,1775,1760
33796,1776,1758
33797,1776,1758
33798,1777,1761
33799,1779,1761
33800,1776,1761
33801,1776,1759
33802,1776,1760
33803,1778,1762
33804,1778,1760
33805,1776,1759
33806,1776,1761
33807,1776,1759
33808,1776,1759
33809,1777,1761
33810,1777,1761
33811,1777,1761
33812,1776,1760
33813,1776,1759
33814,1776,1759
33815,1776,1762
33816,1776,1761
33817,1776,1760
33818,1776,1761
33819,1776,1763
33820,1776,1761
33821,1776,1763
33822,1775,1761
33823,1774,1761
33824,1774,1762
33825,1774,1761
33826,1776,1760
33827,1774,1763
33828,1775,1760
33829,1776,1760
33830,1776,1763
33831,1774,1761
33832,1775,1761
33833,1776,1759
33834,1776,1762
33835,1776,1761
33836,1776,1762
33837,1776,1762
33838,1776,1761
33839,1776,1761
33840,1776,1761
33841,1777,1759
33842,1778,1760
33843,1776,1761
33844,1776,1760
33845,1777,1760
33846,1776,1759
33847,1776,1761
33848,1777,1758
33849,1776,1759
33850,1777,1761
33851,1777,1761
33852,1776,1761
33853,1776,1762
33854,1776,1762
33855,1776,1761
33856,1776,1759
33857,1776,1762
33858,1776,1761
33859,1776,1759
33860,1776,1763
33861,1776,1760
33862,1776,1761
33863,1776,1762
33864,1775,1760
33865,1776,1763
33866,1776,1761
33867,1775,1761
33868,1776,1760
33869,1776,1759
33870,1776,1759
33871,1776,1759
33872,1776,1759
33873,1776,1759
33874,1776,1761
33875,1776,1759
33876,1776,1759
33877,1776,1761
33878,1776,1760
33879,1776,1761
33880,1776,1760
33881,1778,1760
33882,1778,1760
33883,1777,1760
33884,1777,1762
33885,1778,1759
33886,1777,1762
33887,1776,1761
33888,1776,1762
33889,1777,1761
33890,1776,1758
33891,1776,1759
33892,1776,1762
33893,1776,1761
33894,1776,1762
33895,1776,1760
33896,1776,1759
33897,1776,1760
33898,1776,1761
33899,1776,1763
33900,1776,1761
33901,1776,1760
33902,1776,1761
33903,1777,1759
33904,1776,1759
33905,1776,1760
33906,1775,1757
33907,1776,1760
33908,1776,1762
33909,1775,1760
33910,1777,1760
33911,1776,1760
33912,1776,1761
33913,1777,1760
33914,1776,1760
33915,1778,1763
33916,1776,1760
33917,1776,1761
33918,1776,1761
33919,1776,1760
33920,1776,1759
33921,1776,1761
33922,1776,1760
33923,1778,1759
33924,1776,1761
33925,1777,1760
33926,1777,1758
33927,1778,1760
33928,1777,1759
33929,1777,1761
33930,1777,1760
33931,1777,1759
33932,1778,1762
33933,1778,1759
33934,1776,1762
33935,1777,1761
33936,1776,1762
33937,1777,1761
33938,1776,1762
33939,1777,1761
33940,1776,1758
33941,1777,1760
33942,1776,1761
33943,1776,1759
33944,1776,1761
33945,1775,1760
33946,1776,1761
33947,1776,1760
33948,1776,1761
33949,1776,1759
33950,1776,1760
33951,1776,1760
33952,1776,1761
33953,1777,1761
33954,1778,1757
33955,1778,1761
33956,1778,1759
33957,1778,1759
33958,1779,1760
33959,1777,1762
33960,1778,1761
33961,1777,1761
33962,1778,1759
33963,1778,1759
33964,1778,1758
33965,1781,1760
33966,1779,1758
33967,1780,1762
33968,1779,1759
33969,1777,1760
33970,1776,1760
33971,1779,1762
33972,1776,1760
33973,1777,1759
33974,1776,1760
33975,1776,1759
33976,1777,1759
33977,1777,1759
33978,1776,1760
33979,1776,1762
33980,1777,1758
33981,1776,1758
33982,1776,1759
33983,1776,1759
33984,1776,1761
33985,1776,1760
33986,1776,1760
33987,1776,1760
33988,1776,1761
33989,1776,1758
33990,1777,1760
33991,1776,1760
33992,1777,1761
33993,1776,1758
33994,1778,1763
33995,1778,1760
33996,1776,1763
33997,1778,1759
33998,1776,1757
33999,1780,1761
34000,1777,1758
34001,1778,1761
34002,1778,1762
34003,1779,1761
34004,1779,1761
34005,1779,1763
34006,1779,1762
34007,1778,1760
34008,1779,1760
34009,1778,1759
34010,1777,1761
34011,1776,1762
34012,1776,1764
34013,1777,1761
34014,1776,1760
34015,1776,1761
34016,1776,1760
34017,1777,1762
34018,1776,1762
34019,1776,1760
34020,1777,1759
34021,1776,1757
34022,1776,1760
34023,1777,1760
34024,1777,1761
34025,1776,1762
34026,1776,1762
34027,1776,1760
34028,1776,1760
34029,1776,1759
34030,1777,1761
34031,1776,1761
34032,1777,1757
34033,1776,1759
34034,1776,1760
34035,1776,1759
34036,1777,1759
34037,1777,1762
34038,1776,1760
34039,1777,1761
34040,1776,1760
34041,1776,1761
34042,1778,1762
34043,1778,1760
34044,1777,1759
34045,1777,1759
34046,1777,1762
34047,1780,1761
34048,1777,1761
34049,1779,1760
34050,1777,1759
34051,1776,1762
34052,1776,1761
34053,1776,1759
34054,1776,1759
34055,1776,1761
34056,1776,1761
34057,1776,1761
34058,1776,1759
34059,1776,1761
34060,1776,1761
34061,1776,1760
34062,1778,1761
34063,1776,1761
34064,1777,1761
34065,1777,1761
34066,1776,1761
34067,1776,1761
34068,1776,1760
34069,1777,1760
34070,1778,1761
34071,1776,1761
34072,1776,1759
34073,1777,1760
34074,1777,1759
34075,1777,1759
34076,1777,1759
34077,1778,1761
34078,1778,1761
34079,1777,1762
34080,1779,1761
34081,1776,1759
34082,1777,1761
34083,1777,1762
34084,1777,1759
34085,1777,1760
34086,1777,1760
34087,1777,1759
34088,1776,1759
34089,1776,1761
34090,1776,1758
34091,1777,1759
34092,1776,1757
34093,1776,1759
34094,1777,1761
34095,1776,1761
34096,1777,1759
34097,1776,1759
34098,1776,1759
34099,1776,1762
34100,1776,1760
34101,1776,1760
34102,1777,1761
34103,1777,1761
34104,1778,1760
34105,1776,1759
34106,1776,1759
34107,1776,1759
34108,1776,1761
34109,1777,1759
34110,1776,1759
34111,1776,1760
34112,1776,1761
34113,1777,1760
34114,1778,1761
34115,1777,1761
34116,1778,1760
34117,1778,1760
34118,1778,1760
34119,1777,1759
34120,1776,1761
34121,1780,1760
34122,1779,1763
34123,1778,1763
34124,1780,1761
34125,1778,1761
34126,1777,1758
34127,1778,1760
34128,1777,1761
34129,1776,1759
34130,1776,1759
34131,1776,1759
34132,1776,1757
34133,1776,1759
34134,1777,1760
34135,1776,1760
34136,1776,1758
34137,1776,1759
34138,1775,1761
34139,1775,1760
34140,1775,1761
34141,1776,1761
34142,1776,1761
34143,1776,1760
34144,1775,1760
34145,1775,1761
34146,1776,1763
34147,1774,1760
34148,1775,1762
34149,1776,1761
34150,1776,1760
34151,1776,1760
34152,1776,1760
34153,1776,1761
34154,1777,1761
34155,1776,1761
34156,1778,1759
34157,1776,1761
34158,1777,1759
34159,1776,1761
34160,1776,1762
34161,1776,1761
34162,1777,1761
34163,1776,1761
34164,1776,1762
34165,1777,1761
34166,1776,1758
34167,1776,1761
34168,1776,1760
34169,1776,1761
34170,1776,1759
34171,1776,1759
34172,1776,1759
34173,1776,1760
34174,1776,1762
34175,1776,1761
34176,1776,1760
34177,1776,1761
34178,1776,1759
34179,1776,1760
34180,1776,1761
34181,1776,1762
34182,1776,1758
34183,1777,1757
34184,1776,1760
34185,1777,1759
34186,1776,1758
34187,1778,1761
34188,1776,1762
34189,1777,1762
34190,1776,1761
34191,1776,1761
34192,1778,1759
34193,1776,1759
34194,1777,1761
34195,1777,1758
34196,1777,1760
34197,1777,1761
34198,1778,1762
34199,1779,1763
34200,1776,1760
34201,1779,1760
34202,1781,1758
34203,1778,1760
34204,1777,1758
34205,1776,1759
34206,1776,1759
34207,1776,1761
34208,1776,1761
34209,1776,1762
34210,1775,1760
34211,1776,1760
34212,1776,1759
34213,1776,1760
34214,1776,1759
34215,1776,1759
34216,1775,1760
34217,1776,1759
34218,1776,1759
34219,1776,1760
34220,1776,1759
34221,1776,1758
34222,1776,1760
34223,1776,1763
34224,1776,1759
34225,1776,1758
34226,1778,1762
34227,1777,1758
34228,1777,1760
34229,1776,1759
34230,1776,1759
34231,1778,1761
34232,1777,1759
34233,1776,1761
34234,1777,1761
34235,1777,1762
34236,1777,1758
34237,1776,1758
34238,1777,1760
34239,1777,1763
34240,1777,1759
34241,1779,1761
34242,1776,1760
34243,1779,1762
34244,1779,1759
34245,1777,1759
34246,1776,1761
34247,1776,1761
34248,1776,1760
34249,1777,1759
34250,1776,1758
34251,1776,1761
34252,1777,1763
34253,1777,1759
34254,1777,1762
34255,1776,1759
34256,1776,1759
34257,1776,1759
34258,1776,1760
34259,1776,1760
34260,1776,1759
34261,1776,1759
34262,1775,1760
34263,1776,1760
34264,1776,1759
34265,1776,1761
34266,1776,1759
34267,1777,1761
34268,1776,1760
34269,1777,1759
34270,1777,1761
34271,1777,1760
34272,1776,1757
34273,1776,1759
34274,1777,1758
34275,1779,1760
34276,1777,1759
34277,1777,1758
34278,1777,1760
34279,1776,1759
34280,1776,1761
34281,1779,1759
34282,1776,1759
34283,1776,1760
34284,1777,1760
34285,1777,1759
34286,1776,1759
34287,1776,1758
34288,1776,1761
34289,1777,1763
34290,1778,1761
34291,1776,1761
34292,1776,1759
34293,1776,1759
34294,1776,1759
34295,1776,1760
34296,1778,1759
34297,1776,1761
34298,1776,1762
34299,1776,1760
34300,1776,1760
34301,1776,1760
34302,1776,1762
34303,1776,1760
34304,1776,1759
34305,1777,1762
34306,1776,1759
34307,1776,1760
34308,1778,1759
34309,1777,1757
34310,1776,1759
34311,1776,1761
34312,1776,1763
34313,1777,1762
34314,1776,1759
34315,1777,1761
34316,1778,1762
34317,1777,1761
34318,1777,1762
34319,1776,1759
34320,1776,1759
34321,1777,1761
34322,1777,1760
34323,1776,1760
34324,1776,1759
34325,1776,1760
34326,1776,1759
34327,1776,1759
34328,1775,1758
34329,1776,1759
34330,1777,1759
34331,1778,1761
34332,1776,1761
34333,1776,1758
34334,1776,1758
34335,1776,1761
34336,1776,1759
34337,1776,1760
34338,1776,1760
34339,1776,1762
34340,1776,1761
34341,1776,1759
34342,1776,1760
34343,1776,1759
34344,1776,1759
34345,1776,1759
34346,1776,1760
34347,1776,1759
34348,1776,1761
34349,1776,1759
34350,1776,1759
34351,1776,1760
34352,1779,1760
34353,1776,1759
34354,1777,1762
34355,1777,1759
34356,1776,1762
34357,1776,1761
34358,1776,1759
34359,1776,1760
34360,1777,1761
34361,1777,1760
34362,1778,1761
34363,1777,1759
34364,1776,1761
34365,1776,1759
34366,1776,1760
34367,1777,1760
34368,1777,1758
34369,1776,1759
34370,1776,1760
34371,1776,1760
34372,1775,1756
34373,1776,1758
34374,1775,1758
34375,1775,1759
34376,1776,1760
34377,1775,1758
34378,1776,1759
34379,1776,1758
34380,1776,1761
34381,1776,1761
34382,1776,1757
34383,1776,1761
34384,1776,1759
34385,1777,1761
34386,1776,1761
34387,1776,1762
34388,1777,1761
34389,1776,1761
34390,1776,1760
34391,1776,1760
34392,1776,1758
34393,1776,1758
34394,1776,1759
34395,1776,1762
34396,1776,1760
34397,1776,1761
34398,1776,1760
34399,1776,1762
34400,1776,1761
34401,1777,1762
34402,1777,1759
34403,1776,1761
34404,1776,1759
34405,1776,1759
34406,1776,1760
34407,1775,1759
34408,1776,1761
34409,1776,1759
34410,1776,1759
34411,1776,1762
34412,1776,1759
34413,1776,1759
34414,1776,1760
34415,1776,1759
34416,1776,1759
34417,1776,1762
34418,1775,1761
34419,1774,1761
34420,1776,1761
34421,1776,1760
34422,1776,1760
34423,1776,1759
34424,1776,1760
34425,1776,1761
34426,1776,1760
34427,1776,1759
34428,1776,1761
34429,1776,1762
34430,1777,1760
34431,1776,1759
34432,1776,1763
34433,1776,1759
34434,1776,1759
34435,1777,1759
34436,1776,1760
34437,1777,1760
34438,1776,1759
34439,1778,1761
34440,1776,1760
34441,1776,1761
34442,1776,1760
34443,1776,1760
34444,1776,1761
34445,1777,1761
34446,1776,1759
34447,1775,1760
34448,1775,1761
34449,1775,1761
34450,1771,1760
34451,1776,1760
34452,1775,1758
34453,1774,1759
34454,1771,1757
34455,1774,1759
34456,1775,1760
34457,1773,1759
34458,1775,1759
34459,1776,1760
34460,1776,1761
34461,1776,1762
34462,1776,1759
34463,1777,1761
34464,1777,1760
34465,1776,1759
34466,1776,1763
34467,1776,1759
34468,1777,1762
34469,1777,1759
34470,1776,1761
34471,1776,1762
34472,1776,1760
34473,1776,1761
34474,1777,1762
34475,1780,1761
34476,1777,1759
34477,1777,1756
34478,1779,1760
34479,1778,1760
34480,1778,1759
34481,1777,1760
34482,1777,1760
34483,1777,1760
34484,1776,1759
34485,1776,1759
34486,1776,1761
34487,1776,1761
34488,1776,1759
34489,1775,1759
34490,1776,1758
34491,1776,1759
34492,1779,1760
34493,1776,1759
34494,1776,1761
34495,1776,1762
34496,1774,1760
34497,1776,1760
34498,1775,1760
34499,1773,1760
34500,1775,1761
34501,1775,1760
34502,1775,1760
34503,1776,1759
34504,1776,1758
34505,1775,1758
34506,1777,1760
34507,1776,1759
34508,1776,1761
34509,1776,1759
34510,1776,1760
34511,1776,1760
34512,1776,1759
34513,1777,1761
34514,1776,1759
34515,1776,1759
34516,1776,1759
34517,1777,1762
34518,1776,1762
34519,1777,1760
34520,1777,1761
34521,1776,1758
34522,1777,1760
34523,1778,1762
34524,1776,1762
34525,1776,1759
34526,1776,1759
34527,1777,1760
34528,1776,1759
34529,1776,1759
34530,1778,1762
34531,1777,1761
34532,1776,1759
34533,1776,1760
34534,1778,1761
34535,1776,1758
34536,1776,1759
34537,1775,1760
34538,1776,1759
34539,1776,1760
34540,1776,1761
34541,1776,1759
34542,1776,1761
34543,1776,1760
34544,1776,1756
34545,1777,1761
34546,1778,1761
34547,1776,1762
34548,1777,1761
34549,1777,1759
34550,1777,1761
34551,1777,1760
34552,1778,1761
34553,1776,1761
34554,1777,1759
34555,1776,1760
34556,1777,1761
34557,1777,1760
34558,1776,1761
34559,1778,1760
34560,1776,1761
34561,1777,1763
34562,1776,1761
34563,1776,1761
34564,1776,1759
34565,1776,1760
34566,1776,1760
34567,1776,1761
34568,1776,1762
34569,1776,1760
34570,1776,1761
34571,1776,1760
34572,1775,1764
34573,1776,1761
34574,1776,1760
34575,1776,1760
34576,1776,1760
34577,1776,1759
34578,1776,1760
34579,1776,1759
34580,1776,1759
34581,1778,1759
34582,1776,1759
34583,1777,1761
34584,1777,1761
34585,1776,1762
34586,1777,1761
34587,1779,1760
34588,1779,1760
34589,1780,1761
34590,1777,1759
34591,1776,1759
34592,1777,1759
34593,1779,1759
34594,1778,1760
34595,1776,1761
34596,1777,1761
34597,1777,1761
34598,1776,1762
34599,1775,1761
34600,1776,1759
34601,1775,1762
34602,1776,1760
34603,1775,1759
34604,1773,1761
34605,1774,1762
34606,1775,1761
34607,1775,1760
34608,1776,1762
34609,1776,1762
34610,1776,1760
34611,1776,1760
34612,1776,1761
34613,1776,1759
34614,1777,1759
34615,1776,1760
34616,1776,1760
34617,1776,1762
34618,1776,1761
34619,1777,1763
34620,1777,1763
34621,1776,1763
34622,1776,1763
34623,1777,1762
34624,1776,1762
34625,1778,1761
34626,1776,1761
34627,1776,1759
34628,1777,1761
34629,1779,1760
34630,1780,1760
34631,1778,1762
34632,1777,1760
34633,1776,1761
34634,1778,1759
34635,1776,1760
34636,1776,1761
34637,1777,1759
34638,1778,1759
34639,1777,1760
34640,1777,1760
34641,1777,1760
34642,1776,1761
34643,1777,1761
34644,1778,1762
34645,1776,1760
34646,1776,1759
34647,1776,1763
34648,1776,1761
34649,1777,1762
34650,1777,1765
34651,1776,1762
34652,1776,1762
34653,1776,1763
34654,1776,1761
34655,1775,1761
34656,1776,1762
34657,1776,1761
34658,1776,1761
34659,1776,1760
34660,1776,1760
34661,1777,1762
34662,1778,1760
34663,1781,1761
34664,1781,1761
34665,1781,1759
34666,1781,1760
34667,1778,1761
34668,1778,1759
34669,1777,1761
34670,1778,1759
34671,1777,1759
34672,1778,1762
34673,1777,1761
34674,1777,1762
34675,1779,1762
34676,1776,1761
34677,1776,1759
34678,1776,1760
34679,1776,1760
34680,1776,1763
34681,1776,1760
34682,1776,1760
34683,1776,1762
34684,1777,1762
34685,1776,1761
34686,1776,1761
34687,1776,1762
34688,1776,1759
34689,1776,1761
34690,1778,1759
34691,1776,1762
34692,1776,1759
34693,1776,1759
34694,1776,1761
34695,1776,1759
34696,1776,1758
34697,1777,1761
34698,1777,1761
34699,1776,1764
34700,1779,1762
34701,1778,1760
34702,1781,1760
34703,1779,1762
34704,1777,1761
34705,1778,1763
34706,1777,1760
34707,1779,1762
34708,1776,1761
34709,1776,1763
34710,1777,1763
34711,1778,1761
34712,1777,1762
34713,1779,1762
34714,1778,1762
34715,1778,1761
34716,1778,1763
34717,1777,1761
34718,1779,1762
34719,1777,1762
34720,1777,1761
34721,1777,1761
34722,1778,1760
34723,1776,1760
34724,1776,1762
34725,1776,1761
34726,1777,1762
34727,1777,1761
34728,1776,1758
34729,1776,1761
34730,1776,1761
34731,1776,1763
34732,1776,1762
34733,1776,1762
34734,1776,1761
34735,1776,1762
34736,1776,1761
34737,1775,1761
34738,1776,1759
34739,1776,1762
34740,1776,1760
34741,1776,1761
34742,1776,1759
34743,1776,1761
34744,1776,1761
34745,1776,1759
34746,1779,1762
34747,1779,1763
34748,1779,1761
34749,1778,1761
34750,1781,1761
34751,1779,1759
34752,1778,1760
34753,1779,1761
34754,1779,1761
34755,1777,1762
34756,1777,1760
34757,1776,1761
34758,1777,1761
34759,1776,1761
34760,1776,1762
34761,1776,1761
34762,1776,1764
34763,1776,1762
34764,1776,1763
34765,1776,1762
34766,1776,1759
34767,1776,1761
34768,1775,1763
34769,1776,1761
34770,1776,1763
34771,1776,1763
34772,1776,1760
34773,1777,1762
34774,1777,1762
34775,1778,1762
34776,1779,1762
34777,1779,1762
34778,1778,1762
34779,1778,1763
34780,1781,1763
34781,1778,1761
34782,1779,1762
34783,1778,1762
34784,1778,1763
34785,1779,1763
34786,1777,1763
34787,1778,1762
34788,1781,1762
34789,1778,1761
34790,1778,1763
34791,1779,1762
34792,1779,1761
34793,1778,1763
34794,1778,1762
34795,1779,1764
34796,1779,1763
34797,1778,1763
34798,1777,1761
34799,1777,1760
34800,1777,1761
34801,1776,1761
34802,1777,1762
34803,1776,1765
34804,1776,1762
34805,1776,1762
34806,1776,1761
34807,1776,1763
34808,1776,1761
34809,1776,1763
34810,1776,1766
34811,1776,1760
34812,1777,1762
34813,1776,1761
34814,1777,1763
34815,1777,1765
34816,1777,1763
34817,1779,1763
34818,1779,1763
34819,1781,1764
34820,1778,1763
34821,1782,1762
34822,1781,1761
34823,1781,1760
34824,1780,1761
34825,1776,1762
34826,1778,1761
34827,1778,1763
34828,1777,1761
34829,1777,1760
34830,1779,1765
34831,1778,1762
34832,1777,1765
34833,1777,1765
34834,1778,1762
34835,1777,1764
34836,1778,1762
34837,1778,1759
34838,1779,1765
34839,1777,1763
34840,1778,1763
34841,1776,1762
34842,1777,1763
34843,1776,1761
34844,1776,1763
34845,1776,1764
34846,1777,1760
34847,1776,1761
34848,1776,1761
34849,1776,1762
34850,1776,1761
34851,1777,1763
34852,1776,1760
34853,1776,1761
34854,1777,1763
34855,1777,1763
34856,1779,1765
34857,1779,1764
34858,1779,1763
34859,1780,1763
34860,1782,1764
34861,1779,1763
34862,1781,1760
34863,1782,1763
34864,1782,1763
34865,1777,1762
34866,1781,1762
34867,1779,1760
34868,1782,1766
34869,1782,1761
34870,1780,1763
34871,1780,1761
34872,1780,1762
34873,1779,1763
34874,1781,1761
34875,1779,1761
34876,1779,1762
34877,1778,1762
34878,1778,1762
34879,1777,1761
34880,1778,1761
34881,1776,1762
34882,1776,1761
34883,1776,1761
34884,1776,1765
34885,1778,1765
34886,1776,1761
34887,1776,1761
34888,1776,1765
34889,1776,1765
34890,1777,1763
34891,1776,1765
34892,1777,1761
34893,1777,1761
34894,1779,1762
34895,1780,1762
34896,1778,1759
34897,1779,1760
34898,1778,1764
34899,1779,1763
34900,1779,1764
34901,1778,1762
34902,1777,1762
34903,1778,1766
34904,1779,1760
34905,1779,1763
34906,1779,1767
34907,1781,1762
34908,1782,1763
34909,1781,1763
34910,1781,1761
34911,1782,1762
34912,1779,1763
34913,1781,1763
34914,1781,1762
34915,1780,1763
34916,1779,1762
34917,1781,1762
34918,1780,1761
34919,1779,1763
34920,1779,1763
34921,1777,1764
34922,1777,1761
34923,1778,1761
34924,1777,1760
34925,1776,1762
34926,1776,1762
34927,1776,1762
34928,1776,1761
34929,1776,1763
34930,1777,1761
34931,1776,1760
34932,1776,1761
34933,1776,1762
34934,1776,1765
34935,1777,1763
34936,1777,1765
34937,1776,1762
34938,1776,1762
34939,1776,1761
34940,1777,1761
34941,1777,1762
34942,1776,1761
34943,1776,1761
34944,1775,1762
34945,1776,1761
34946,1776,1761
34947,1777,1760
34948,1776,1762
34949,1776,1762
34950,1778,1763
34951,1776,1761
34952,1776,1761
34953,1776,1763
34954,1776,1761
34955,1777,1761
34956,1776,1759
34957,1776,1760
34958,1776,1761
34959,1776,1762
34960,1776,1762
34961,1776,1761
34962,1776,1763
34963,1776,1759
34964,1776,1763
34965,1776,1759
34966,1775,1761
34967,1776,1761
34968,1774,1762
34969,1775,1760
34970,1775,1761
34971,1775,1760
34972,1776,1761
34973,1776,1762
34974,1776,1763
34975,1776,1762
34976,1776,1763
34977,1776,1763
34978,1776,1762
34979,1776,1762
34980,1777,1763
34981,1777,1765
34982,1777,1761
34983,1777,1763
34984,1779,1763
34985,1778,1761
34986,1778,1764
34987,1779,1761
34988,1779,1762
34989,1781,1761
34990,1781,1762
34991,1781,1765
34992,1778,1761
34993,1779,1765
34994,1778,1766
34995,1777,1765
34996,1778,1763
34997,1780,1764
34998,1777,1760
34999,1776,1761
35000,1776,1762
35001,1778,1762
35002,1776,1761
35003,1776,1762
35004,1776,1763
35005,1776,1763
35006,1776,1762
35007,1776,1763
35008,1776,1761
35009,1775,1762
35010,1776,1763
35011,1776,1762
35012,1776,1762
35013,1776,1762
35014,1776,1763
35015,1776,1763
35016,1776,1763
35017,1779,1762
35018,1778,1765
35019,1779,1763
35020,1780,1765
35021,1778,1764
35022,1777,1762
35023,1778,1761
35024,1777,1762
35025,1778,1762
35026,1779,1764
35027,1777,1764
35028,1778,1762
35029,1777,1760
35030,1776,1763
35031,1778,1761
35032,1776,1761
35033,1776,1763
35034,1778,1764
35035,1776,1764
35036,1776,1764
35037,1776,1765
35038,1776,1761
35039,1775,1764
35040,1774,1762
35041,1776,1761
35042,1776,1764
35043,1775,1763
35044,1775,1763
35045,1776,1765
35046,1776,1763
35047,1776,1763
35048,1776,1763
35049,1776,1762
35050,1777,1762
35051,1776,1763
35052,1777,1765
35053,1776,1763
35054,1777,1762
35055,1776,1762
35056,1777,1763
35057,1776,1761
35058,1779,1763
35059,1777,1763
35060,1779,1763
35061,1778,1761
35062,1779,1762
35063,1778,1763
35064,1781,1761
35065,1779,1761
35066,1778,1763
35067,1779,1763
35068,1779,1765
35069,1780,1762
35070,1782,1765
35071,1779,1765
35072,1777,1763
35073,1779,1763
35074,1779,1763
35075,1777,1762
35076,1778,1763
35077,1777,1761
35078,1776,1763
35079,1776,1762
35080,1777,1762
35081,1776,1762
35082,1776,1765
35083,1776,1765
35084,1776,1765
35085,1776,1763
35086,1776,1763
35087,1776,1763
35088,1777,1762
35089,1777,1762
35090,1777,1762
35091,1776,1765
35092,1779,1764
35093,1777,1763
35094,1777,1762
35095,1777,1762
35096,1780,1763
35097,1778,1761
35098,1780,1762
35099,1776,1760
35100,1776,1760
35101,1776,1762
35102,1776,1762
35103,1776,1761
35104,1776,1761
35105,1778,1761
35106,1777,1763
35107,1776,1763
35108,1777,1762
35109,1776,1765
35110,1776,1763
35111,1777,1761
35112,1781,1763
35113,1778,1762
35114,1777,1766
35115,1778,1765
35116,1777,1765
35117,1776,1761
35118,1776,1764
35119,1777,1763
35120,1777,1762
35121,1776,1763
35122,1776,1763
35123,1776,1762
35124,1776,1762
35125,1778,1763
35126,1777,1765
35127,1776,1761
35128,1777,1761
35129,1776,1762
35130,1776,1762
35131,1776,1764
35132,1776,1763
35133,1777,1763
35134,1778,1763
35135,1777,1766
35136,1777,1763
35137,1776,1761
35138,1776,1763
35139,1776,1762
35140,1776,1763
35141,1778,1764
35142,1778,1762
35143,1777,1763
35144,1777,1763
35145,1777,1762
35146,1777,1766
35147,1777,1766
35148,1778,1764
35149,1780,1765
35150,1777,1765
35151,1778,1762
35152,1777,1762
35153,1778,1760
35154,1777,1760
35155,1778,1763
35156,1777,1760
35157,1776,1765
35158,1776,1763
35159,1776,1765
35160,1776,1765
35161,1776,1765
35162,1776,1766
35163,1776,1764
35164,1776,1763
35165,1776,1763
35166,1776,1762
35167,1776,1762
35168,1776,1765
35169,1776,1763
35170,1776,1764
35171,1778,1763
35172,1776,1763
35173,1777,1763
35174,1777,1765
35175,1777,1765
35176,1778,1763
35177,1776,1762
35178,1779,1763
35179,1778,1762
35180,1776,1762
35181,1777,1765
35182,1777,1762
35183,1780,1765
35184,1779,1762
35185,1778,1762
35186,1776,1765
35187,1780,1761
35188,1778,1761
35189,1778,1761
35190,1777,1760
35191,1776,1761
35192,1776,1763
35193,1776,1761
35194,1776,1760
35195,1777,1764
35196,1776,1759
35197,1776,1761
35198,1776,1761
35199,1776,1762
35200,1776,1763
35201,1776,1762
35202,1776,1763
35203,1776,1763
35204,1776,1767
35205,1775,1763
35206,1776,1764
35207,1776,1763
35208,1776,1763
35209,1776,1765
35210,1776,1762
35211,1776,1764
35212,1776,1764
35213,1776,1766
35214,1776,1762
35215,1777,1762
35216,1777,1763
35217,1777,1762
35218,1777,1765
35219,1779,1761
35220,1779,1763
35221,1779,1762
35222,1779,1763
35223,1779,1762
35224,1779,1762
35225,1779,1763
35226,1778,1764
35227,1779,1763
35228,1777,1761
35229,1776,1763
35230,1776,1764
35231,1777,1763
35232,1776,1764
35233,1777,1766
35234,1776,1763
35235,1776,1765
35236,1776,1766
35237,1776,1766
35238,1777,1765
35239,1776,1765
35240,1775,1761
35241,1776,1763
35242,1776,1763
35243,1776,1763
35244,1776,1763
35245,1776,1762
35246,1776,1763
35247,1776,1761
35248,1776,1761
35249,1776,1761
35250,1776,1764
35251,1776,1763
35252,1777,1763
35253,1777,1763
35254,1777,1765
35255,1778,1761
35256,1779,1764
35257,1777,1766
35258,1777,1761
35259,1779,1761
35260,1778,1765
35261,1777,1763
35262,1778,1763
35263,1779,1764
35264,1779,1763
35265,1778,1765
35266,1777,1762
35267,1777,1762
35268,1776,1761
35269,1776,1761
35270,1777,1762
35271,1776,1761
35272,1777,1760
35273,1777,1763
35274,1776,1762
35275,1778,1763
35276,1776,1765
35277,1777,1764
35278,1776,1765
35279,1777,1762
35280,1777,1765
35281,1777,1766
35282,1776,1765
35283,1776,1765
35284,1779,1766
35285,1777,1764
35286,1776,1764
35287,1776,1765
35288,1777,1765
35289,1777,1760
35290,1776,1766
35291,1777,1765
35292,1778,1765
35293,1779,1763
35294,1777,1767
35295,1776,1763
35296,1779,1765
35297,1778,1765
35298,1779,1764
35299,1778,1767
35300,1777,1765
35301,1779,1765
35302,1779,1765
35303,1777,1761
35304,1777,1765
35305,1779,1763
35306,1777,1765
35307,1777,1762
35308,1778,1762
35309,1776,1763
35310,1777,1763
35311,1777,1762
35312,1777,1762
35313,1777,1762
35314,1776,1761
35315,1777,1761
35316,1776,1763
35317,1776,1763
35318,1777,1762
35319,1777,1762
35320,1777,1762
35321,1777,1763
35322,1776,1764
35323,1776,1765
35324,1776,1765
35325,1776,1761
35326,1776,1765
35327,1777,1763
35328,1776,1762
35329,1777,1763
35330,1777,1763
35331,1776,1763
35332,1776,1763
35333,1777,1763
35334,1777,1763
35335,1778,1762
35336,1779,1763
35337,1778,1763
35338,1779,1765
35339,1779,1765
35340,1778,1766
35341,1779,1767
35342,1777,1767
35343,1778,1764
35344,1780,1762
35345,1777,1761
35346,1778,1766
35347,1776,1766
35348,1776,1762
35349,1777,1761
35350,1776,1762
35351,1776,1764
35352,1776,1764
35353,1776,1761
35354,1776,1766
35355,1776,1764
35356,1776,1767
35357,1776,1763
35358,1776,1766
35359,1776,1764
35360,1775,1762
35361,1776,1764
35362,1776,1766
35363,1776,1765
35364,1775,1761
35365,1776,1765
35366,1776,1765
35367,1776,1763
35368,1776,1762
35369,1776,1763
35370,1776,1762
35371,1776,1762
35372,1776,1765
35373,1776,1766
35374,1777,1767
35375,1776,1765
35376,1776,1764
35377,1777,1761
35378,1776,1762
35379,1776,1765
35380,1776,1764
35381,1777,1761
35382,1776,1760
35383,1776,1762
35384,1776,1764
35385,1776,1763
35386,1776,1761
35387,1776,1761
35388,1776,1759
35389,1776,1765
35390,1776,1762
35391,1776,1761
35392,1776,1764
35393,1774,1763
35394,1776,1763
35395,1776,1764
35396,1776,1765
35397,1776,1762
35398,1776,1761
35399,1775,1763
35400,1776,1762
35401,1776,1766
35402,1776,1763
35403,1776,1763
35404,1776,1764
35405,1776,1763
35406,1776,1762
35407,1776,1763
35408,1776,1762
35409,1776,1763
35410,1776,1763
35411,1776,1763
35412,1776,1763
35413,1776,1762
35414,1779,1765
35415,1776,1763
35416,1777,1761
35417,1776,1761
35418,1778,1761
35419,1776,1761
35420,1776,1764
35421,1776,1762
35422,1776,1762
35423,1776,1764
35424,1776,1761
35425,1775,1762
35426,1776,1765
35427,1775,1764
35428,1774,1762
35429,1773,1762
35430,1775,1764
35431,1774,1765
35432,1774,1764
35433,1774,1765
35434,1773,1761
35435,1775,1763
35436,1775,1763
35437,1776,1763
35438,1775,1763
35439,1774,1763
35440,1776,1762
35441,1775,1761
35442,1776,1761
35443,1776,1764
35444,1774,1761
35445,1776,1761
35446,1775,1762
35447,1776,1761
35448,1778,1760
35449,1776,1763
35450,1776,1764
35451,1776,1763
35452,1776,1765
35453,1776,1766
35454,1776,1762
35455,1775,1761
35456,1776,1763
35457,1776,1764
35458,1776,1766
35459,1776,1762
35460,1776,1763
35461,1776,1763
35462,1775,1763
35463,1776,1765
35464,1776,1763
35465,1776,1762
35466,1776,1763
35467,1776,1765
35468,1776,1762
35469,1775,1764
35470,1775,1763
35471,1776,1763
35472,1775,1763
35473,1774,1762
35474,1775,1763
35475,1776,1763
35476,1773,1763
35477,1775,1764
35478,1774,1759
35479,1774,1761
35480,1776,1763
35481,1775,1764
35482,1773,1763
35483,1774,1762
35484,1774,1761
35485,1776,1762
35486,1774,1763
35487,1776,1762
35488,1776,1765
35489,1776,1761
35490,1776,1762
35491,1776,1765
35492,1776,1763
35493,1776,1763
35494,1776,1763
35495,1776,1761
35496,1775,1762
35497,1776,1763
35498,1776,1762
35499,1776,1761
35500,1776,1763
35501,1776,1761
35502,1777,1764
35503,1776,1760
35504,1776,1761
35505,1776,1760
35506,1776,1763
35507,1776,1765
35508,1776,1763
35509,1776,1763
35510,1776,1765
35511,1776,1765
35512,1777,1766
35513,1776,1763
35514,1776,1764
35515,1776,1765
35516,1776,1766
35517,1776,1763
35518,1776,1761
35519,1776,1761
35520,1773,1761
35521,1773,1761
35522,1776,1763
35523,1775,1761
35524,1776,1762
35525,1776,1763
35526,1776,1765
35527,1776,1766
35528,1776,1761
35529,1776,1762
35530,1777,1763
35531,1777,1761
35532,1776,1763
35533,1776,1762
35534,1776,1762
35535,1776,1763
35536,1776,1761
35537,1776,1762
35538,1776,1763
35539,1776,1761
35540,1776,1761
35541,1776,1762
35542,1777,1763
35543,1776,1762
35544,1776,1765
35545,1776,1762
35546,1776,1762
35547,1776,1764
35548,1776,1763
35549,1775,1762
35550,1776,1762
35551,1776,1765
35552,1776,1763
35553,1775,1763
35554,1776,1763
35555,1775,1763
35556,1775,1763
35557,1776,1762
35558,1776,1762
35559,1775,1762
35560,1776,1760
35561,1776,1760
35562,1776,1759
35563,1776,1759
35564,1776,1759
35565,1776,1758
35566,1776,1756
35567,1776,1759
35568,1776,1758
35569,1777,1761
35570,1777,1762
35571,1777,1763
35572,1776,1765
35573,1776,1765
35574,1776,1766
35575,1777,1765
35576,1777,1764
35577,1777,1765
35578,1777,1761
35579,1776,1766
35580,1776,1766
35581,1778,1765
35582,1776,1761
35583,1776,1763
35584,1776,1762
35585,1776,1763
35586,1776,1763
35587,1776,1762
35588,1775,1763
35589,1775,1765
35590,1775,1765
35591,1775,1762
35592,1776,1765
35593,1776,1763
35594,1773,1762
35595,1776,1763
35596,1775,1763
35597,1776,1763
35598,1774,1761
35599,1775,1763
35600,1772,1764
35601,1773,1760
35602,1776,1761
35603,1776,1760
35604,1775,1762
35605,1776,1761
35606,1776,1762
35607,1777,1759
35608,1776,1761
35609,1777,1759
35610,1777,1759
35611,1777,1760
35612,1777,1759
35613,1780,1760
35614,1778,1760
35615,1778,1761
35616,1776,1761
35617,1777,1762
35618,1776,1762
35619,1776,1763
35620,1777,1763
35621,1776,1763
35622,1776,1761
35623,1776,1761
35624,1776,1760
35625,1775,1763
35626,1776,1761
35627,1776,1763
35628,1776,1759
35629,1776,1763
35630,1775,1762
35631,1776,1763
35632,1776,1760
35633,1776,1761
35634,1776,1762
35635,1776,1763
35636,1776,1761
35637,1776,1760
35638,1774,1762
35639,1775,1761
35640,1775,1761
35641,1776,1761
35642,1776,1762
35643,1776,1762
35644,1776,1761
35645,1777,1761
35646,1779,1762
35647,1779,1760
35648,1778,1757
35649,1780,1757
35650,1779,1759
35651,1781,1755
35652,1777,1757
35653,1778,1763
35654,1777,1763
35655,1778,1766
35656,1776,1770
35657,1776,1770
35658,1776,1770
35659,1776,1773
35660,1776,1768
35661,1777,1765
35662,1777,1761
35663,1776,1761
35664,1776,1759
35665,1776,1761
35666,1776,1759
35667,1776,1759
35668,1775,1758
35669,1776,1758
35670,1776,1757
35671,1776,1758
35672,1776,1755
35673,1776,1755
35674,1776,1755
35675,1776,1751
35676,1775,1753
35677,1775,1753
35678,1776,1755
35679,1776,1754
35680,1776,1756
35681,1774,1760
35682,1776,1763
35683,1776,1763
35684,1776,1769
35685,1776,1770
35686,1776,1765
35687,1776,1769
35688,1778,1767
35689,1776,1767
35690,1776,1766
35691,1777,1767
35692,1777,1768
35693,1777,1767
35694,1778,1773
35695,1777,1771
35696,1777,1766
35697,1778,1763
35698,1777,1764
35699,1777,1761
35700,1776,1761
35701,1776,1761
35702,1776,1763
35703,1776,1763
35704,1777,1761
35705,1776,1761
35706,1776,1760
35707,1776,1764
35708,1774,1762
35709,1774,1760
35710,1775,1763
35711,1776,1763
35712,1774,1766
35713,1776,1766
35714,1774,1765
35715,1775,1761
35716,1775,1761
35717,1774,1763
35718,1773,1761
35719,1774,1765
35720,1775,1761
35721,1775,1762
35722,1776,1758
35723,1776,1761
35724,1776,1760
35725,1776,1758
35726,1776,1761
35727,1776,1758
35728,1776,1760
35729,1776,1758
35730,1776,1757
35731,1776,1759
35732,1777,1757
35733,1776,1756
35734,1777,1759
35735,1778,1760
35736,1779,1757
35737,1781,1755
35738,1778,1758
35739,1777,1757
35740,1776,1762
35741,1776,1761
35742,1776,1763
35743,1776,1763
35744,1775,1761
35745,1776,1759
35746,1776,1759
35747,1776,1761
35748,1776,1758
35749,1776,1758
35750,1776,1759
35751,1776,1762
35752,1776,1763
35753,1776,1764
35754,1776,1765
35755,1776,1767
35756,1776,1770
35757,1776,1771
35758,1776,1773
35759,1776,1770
35760,1776,1770
35761,1776,1770
35762,1774,1763
35763,1776,1766
35764,1776,1763
35765,1775,1763
35766,1775,1763
35767,1775,1763
35768,1776,1761
35769,1776,1758
35770,1776,1758
35771,1776,1753
35772,1775,1754
35773,1775,1753
35774,1775,1755
35775,1776,1761
35776,1776,1763
35777,1775,1765
35778,1776,1767
35779,1777,1770
35780,1778,1771
35781,1776,1770
35782,1776,1769
35783,1776,1771
35784,1776,1767
35785,1776,1767
35786,1776,1765
35787,1775,1765
35788,1776,1762
35789,1775,1764
35790,1776,1762
35791,1776,1763
35792,1775,1765
35793,1776,1762
35794,1775,1759
35795,1775,1764
35796,1776,1760
35797,1776,1760
35798,1775,1763
35799,1775,1763
35800,1776,1761
35801,1776,1764
35802,1776,1763
35803,1776,1761
35804,1776,1762
35805,1777,1763
35806,1776,1759
35807,1776,1761
35808,1776,1759
35809,1776,1762
35810,1776,1763
35811,1776,1760
35812,1776,1762
35813,1776,1761
35814,1776,1763
35815,1776,1760
35816,1779,1759
35817,1777,1762
35818,1777,1760
35819,1778,1760
35820,1776,1759
35821,1776,1760
35822,1776,1761
35823,1776,1763
35824,1776,1763
35825,1775,1763
35826,1776,1762
35827,1776,1765
35828,1776,1760
35829,1776,1760
35830,1776,1760
35831,1776,1761
35832,1776,1761
35833,1776,1765
35834,1776,1764
35835,1775,1760
35836,1776,1759
35837,1776,1763
35838,1774,1759
35839,1774,1761
35840,1776,1763
35841,1776,1759
35842,1775,1759
35843,1776,1760
35844,1776,1761
35845,1776,1759
35846,1774,1759
35847,1776,1759
35848,1776,1759
35849,1776,1760
35850,1776,1760
35851,1776,1760
35852,1775,1757
35853,1776,1759
35854,1776,1759
35855,1776,1761
35856,1776,1760
35857,1777,1762
35858,1776,1758
35859,1776,1757
35860,1776,1757
35861,1776,1757
35862,1777,1757
35863,1776,1759
35864,1777,1757
35865,1776,1758
35866,1776,1757
35867,1776,1758
35868,1777,1758
35869,1776,1755
35870,1775,1757
35871,1775,1758
35872,1774,1757
35873,1776,1758
35874,1776,1759
35875,1774,1759
35876,1775,1758
35877,1775,1758
35878,1776,1759
35879,1774,1759
35880,1776,1759
35881,1775,1759
35882,1776,1757
35883,1775,1758
35884,1775,1759
35885,1776,1759
35886,1777,1761
35887,1776,1760
35888,1776,1758
35889,1777,1759
35890,1777,1758
35891,1776,1758
35892,1776,1758
35893,1777,1757
35894,1776,1757
35895,1778,1757
35896,1776,1760
35897,1777,1761
35898,1778,1757
35899,1776,1756
35900,1776,1755
35901,1776,1757
35902,1776,1759
35903,1776,1759
35904,1776,1756
35905,1776,1755
35906,1776,1755
35907,1775,1758
35908,1776,1759
35909,1775,1757
35910,1776,1757
35911,1774,1755
35912,1776,1754
35913,1776,1751
35914,1776,1755
35915,1775,1751
35916,1776,1750
35917,1776,1755
35918,1775,1753
35919,1776,1751
35920,1777,1754
35921,1776,1755
35922,1776,1755
35923,1777,1757
35924,1776,1751
35925,1776,1755
35926,1778,1751
35927,1777,1755
35928,1778,1755
35929,1777,1755
35930,1776,1757
35931,1777,1760
35932,1776,1757
35933,1776,1758
35934,1776,1759
35935,1776,1758
35936,1776,1761
35937,1776,1759
35938,1776,1759
35939,1776,1759
35940,1778,1761
35941,1776,1755
35942,1777,1755
35943,1776,1757
35944,1775,1757
35945,1776,1756
35946,1776,1755
35947,1776,1756
35948,1776,1758
35949,1775,1756
35950,1776,1755
35951,1776,1750
35952,1776,1751
35953,1774,1751
35954,1775,1755
35955,1776,1755
35956,1776,1751
35957,1776,1755
35958,1776,1757
35959,1775,1757
35960,1775,1759
35961,1776,1754
35962,1775,1751
35963,1776,1755
35964,1776,1753
35965,1776,1756
35966,1776,1755
35967,1776,1753
35968,1776,1753
35969,1776,1754
35970,1776,1757
35971,1777,1755
35972,1776,1751
35973,1776,1755
35974,1776,1757
35975,1776,1755
35976,1776,1754
35977,1776,1755
35978,1776,1754
35979,1776,1751
35980,1776,1751
35981,1775,1751
35982,1776,1750
35983,1775,1754
35984,1775,1757
35985,1773,1753
35986,1775,1750
35987,1773,1756
35988,1775,1754
35989,1776,1753
35990,1774,1753
35991,1774,1753
35992,1776,1753
35993,1776,1751
35994,1776,1754
35995,1776,1757
35996,1776,1758
35997,1776,1757
35998,1776,1758
35999,1777,1758
36000,1776,1759
36001,1777,1759
36002,1776,1759
36003,1776,1759
36004,1776,1758
36005,1776,1757
36006,1776,1758
36007,1776,1756
36008,1776,1755
36009,1776,1755
36010,1776,1758
36011,1776,1755
36012,1775,1757
36013,1776,1758
36014,1776,1757
36015,1776,1758
36016,1776,1755
36017,1776,1755
36018,1778,1755
36019,1776,1754
36020,1776,1753
36021,1776,1753
36022,1777,1754
36023,1776,1751
36024,1776,1754
36025,1776,1751
36026,1777,1754
36027,1776,1751
36028,1776,1751
36029,1776,1753
36030,1776,1754
36031,1776,1755
36032,1775,1755
36033,1776,1759
36034,1776,1755
36035,1776,1753
36036,1776,1755
36037,1776,1753
36038,1776,1751
36039,1776,1757
36040,1777,1759
36041,1776,1759
36042,1776,1759
36043,1776,1758
36044,1776,1755
36045,1776,1751
36046,1776,1755
36047,1776,1753
36048,1776,1751
36049,1776,1754
36050,1776,1751
36051,1776,1753
36052,1776,1750
36053,1776,1754
36054,1776,1751
36055,1776,1750
36056,1776,1753
36057,1776,1750
36058,1776,1754
36059,1777,1757
36060,1777,1755
36061,1776,1758
36062,1778,1758
36063,1776,1757
36064,1776,1755
36065,1776,1755
36066,1777,1753
36067,1776,1753
36068,1776,1751
36069,1776,1749
36070,1778,1752
36071,1778,1749
36072,1778,1749
36073,1776,1747
36074,1779,1747
36075,1777,1747
36076,1782,1748
36077,1782,1751
36078,1786,1751
36079,1785,1750
36080,1783,1751
36081,1778,1753
36082,1777,1751
36083,1779,1753
36084,1776,1751
36085,1777,1751
36086,1778,1753
36087,1776,1751
36088,1779,1750
36089,1778,1748
36090,1784,1749
36091,1783,1747
36092,1780,1745
36093,1786,1744
36094,1785,1746
36095,1786,1746
36096,1782,1747
36097,1783,1747
36098,1783,1749
36099,1786,1754
36100,1789,1750
36101,1785,1747
36102,1780,1747
36103,1779,1751
36104,1778,1753
36105,1781,1752
36106,1781,1750
36107,1781,1751
36108,1781,1750
36109,1781,1755
36110,1776,1755
36111,1778,1756
36112,1776,1757
36113,1776,1757
36114,1776,1754
36115,1777,1755
36116,1777,1755
36117,1779,1757
36118,1778,1757
36119,1778,1754
36120,1780,1751
36121,1786,1749
36122,1783,1751
36123,1780,1751
36124,1777,1754
36125,1777,1754
36126,1777,1758
36127,1778,1756
36128,1778,1757
36129,1776,1757
36130,1776,1754
36131,1776,1748
36132,1781,1743
36133,1791,1731
36134,1795,1725
36135,1805,1721
36136,1807,1723
36137,1806,1726
36138,1804,1733
36139,1798,1745
36140,1797,1751
36141,1797,1759
36142,1791,1762
36143,1782,1761
36144,1775,1759
36145,1773,1759
36146,1770,1758
36147,1770,1761
36148,1771,1762
36149,1775,1755
36150,1775,1749
36151,1775,1745
36152,1776,1744
36153,1776,1745
36154,1778,1744
36155,1778,1749
36156,1777,1755
36157,1777,1761
36158,1776,1761
36159,1777,1759
36160,1776,1759
36161,1776,1759
36162,1777,1758
36163,1779,1756
36164,1783,1757
36165,1789,1757
36166,1789,1755
36167,1787,1755
36168,1790,1757
36169,1786,1753
36170,1785,1759
36171,1783,1759
36172,1782,1758
36173,1785,1755
36174,1786,1745
36175,1785,1743
36176,1787,1741
36177,1791,1741
36178,1792,1742
36179,1793,1744
36180,1794,1744
36181,1792,1747
36182,1791,1751
36183,1791,1753
36184,1789,1750
36185,1781,1754
36186,1779,1761
36187,1777,1761
36188,1776,1762
36189,1776,1766
36190,1775,1761
36191,1773,1759
36192,1773,1759
36193,1773,1758
36194,1770,1754
36195,1771,1755
36196,1771,1751
36197,1775,1749
36198,1778,1745
36199,1781,1744
36200,1786,1742
36201,1787,1743
36202,1787,1746
36203,1789,1749
36204,1790,1750
36205,1788,1751
36206,1786,1748
36207,1781,1745
36208,1782,1747
36209,1782,1749
36210,1785,1749
36211,1787,1750
36212,1788,1751
36213,1785,1757
36214,1783,1760
36215,1782,1760
36216,1785,1754
36217,1788,1749
36218,1790,1747
36219,1789,1746
36220,1790,1747
36221,1786,1750
36222,1779,1751
36223,1777,1751
36224,1776,1754
36225,1776,1755
36226,1776,1755
36227,1780,1750
36228,1782,1749
36229,1788,1744
36230,1787,1744
36231,1786,1744
36232,1789,1745
36233,1791,1745
36234,1791,1748
36235,1792,1744
36236,1794,1745
36237,1793,1746
36238,1794,1749
36239,1792,1747
36240,1792,1746
36241,1791,1749
36242,1793,1755
36243,1792,1758
36244,1791,1762
36245,1789,1766
36246,1783,1762
36247,1780,1763
36248,1779,1765
36249,1782,1767
36250,1781,1767
36251,1782,1765
36252,1786,1763
36253,1788,1757
36254,1792,1749
36255,1796,1743
36256,1798,1741
36257,1799,1741
36258,1793,1745
36259,1793,1748
36260,1801,1751
36261,1802,1746
36262,1804,1747
36263,1798,1749
36264,1798,1756
36265,1797,1759
36266,1793,1759
36267,1789,1757
36268,1781,1757
36269,1778,1757
36270,1778,1755
36271,1781,1753
36272,1787,1754
36273,1787,1750
36274,1783,1747
36275,1789,1744
36276,1789,1745
36277,1789,1744
36278,1785,1745
36279,1789,1749
36280,1783,1757
36281,1787,1762
36282,1787,1766
36283,1786,1764
36284,1787,1760
36285,1787,1759
36286,1789,1758
36287,1787,1759
36288,1791,1757
36289,1791,1754
36290,1789,1754
36291,1789,1750
36292,1789,1754
36293,1791,1750
36294,1791,1749
36295,1791,1747
36296,1795,1753
36297,1795,1754
36298,1792,1760
36299,1792,1763
36300,1789,1763
36301,1786,1765
36302,1787,1761
36303,1787,1755
36304,1792,1748
36305,1797,1747
36306,1805,1745
36307,1804,1741
36308,1805,1743
36309,1799,1746
36310,1796,1751
36311,1797,1754
36312,1796,1748
36313,1792,1751
36314,1790,1753
36315,1786,1759
36316,1783,1764
36317,1785,1766
36318,1785,1763
36319,1790,1759
36320,1792,1754
36321,1794,1745
36322,1802,1735
36323,1806,1727
36324,1808,1722
36325,1813,1723
36326,1811,1730
36327,1808,1743
36328,1802,1755
36329,1794,1767
36330,1796,1769
36331,1795,1754
36332,1794,1744
36333,1795,1734
36334,1792,1744
36335,1789,1745
36336,1784,1748
36337,1780,1753
36338,1778,1746
36339,1783,1741
36340,1792,1727
36341,1802,1716
36342,1802,1712
36343,1799,1712
36344,1797,1724
36345,1792,1742
36346,1789,1752
36347,1785,1759
36348,1781,1767
36349,1788,1761
36350,1793,1756
36351,1802,1746
36352,1806,1731
36353,1805,1721
36354,1807,1718
36355,1805,1722
36356,1801,1729
36357,1791,1744
36358,1779,1750
36359,1775,1763
36360,1775,1776
36361,1777,1775
36362,1781,1764
36363,1791,1756
36364,1795,1745
36365,1798,1739
36366,1797,1737
36367,1797,1729
36368,1803,1728
36369,1799,1712
36370,1802,1702
36371,1808,1696
36372,1810,1703
36373,1813,1713
36374,1809,1731
36375,1804,1751
36376,1798,1775
36377,1795,1778
36378,1794,1775
36379,1792,1770
36380,1795,1761
36381,1794,1757
36382,1793,1751
36383,1793,1747
36384,1791,1753
36385,1790,1757
36386,1781,1761
36387,1776,1759
36388,1776,1754
36389,1775,1745
36390,1776,1744
36391,1776,1748
36392,1776,1749
36393,1777,1748
36394,1781,1744
36395,1785,1739
36396,1791,1738
36397,1786,1745
36398,1782,1751
36399,1778,1764
36400,1777,1769
36401,1781,1763
36402,1786,1757
36403,1791,1756
36404,1793,1744
36405,1795,1735
36406,1802,1733
36407,1807,1729
36408,1807,1729
36409,1805,1739
36410,1804,1739
36411,1799,1734
36412,1799,1723
36413,1797,1711
36414,1793,1712
36415,1785,1728
36416,1780,1751
36417,1777,1763
36418,1776,1758
36419,1775,1758
36420,1777,1754
36421,1787,1749
36422,1792,1744
36423,1793,1737
36424,1791,1731
36425,1790,1727
36426,1790,1733
36427,1789,1744
36428,1789,1755
36429,1789,1760
36430,1787,1755
36431,1787,1746
36432,1793,1736
36433,1795,1734
36434,1795,1734
36435,1790,1742
36436,1780,1757
36437,1781,1761
36438,1783,1767
36439,1791,1771
36440,1793,1770
36441,1793,1760
36442,1795,1747
36443,1794,1743
36444,1791,1729
36445,1794,1717
36446,1794,1703
36447,1797,1697
36448,1798,1712
36449,1792,1738
36450,1788,1757
36451,1783,1767
36452,1783,1763
36453,1786,1756
36454,1791,1744
36455,1790,1739
36456,1785,1744
36457,1782,1763
36458,1781,1776
36459,1783,1777
36460,1790,1759
36461,1791,1743
36462,1793,1732
36463,1789,1738
36464,1782,1746
36465,1780,1764
36466,1778,1771
36467,1781,1765
36468,1782,1759
36469,1780,1753
36470,1785,1744
36471,1786,1731
36472,1788,1713
36473,1787,1715
36474,1783,1723
36475,1776,1746
36476,1777,1765
36477,1782,1761
36478,1790,1747
36479,1792,1744
36480,1793,1744
36481,1792,1753
36482,1791,1767
36483,1793,1776
36484,1789,1774
36485,1791,1773
36486,1789,1770
36487,1787,1761
36488,1791,1745
36489,1792,1726
36490,1793,1707
36491,1791,1705
36492,1786,1717
36493,1779,1739
36494,1776,1755
36495,1776,1765
36496,1776,1774
36497,1778,1775
36498,1776,1765
36499,1777,1766
36500,1782,1771
36501,1779,1775
36502,1781,1776
36503,1777,1773
36504,1776,1773
36505,1783,1765
36506,1785,1762
36507,1781,1766
36508,1777,1773
36509,1776,1766
36510,1776,1759
36511,1776,1751
36512,1783,1743
36513,1791,1735
36514,1796,1725
36515,1804,1714
36516,1803,1719
36517,1794,1740
36518,1783,1765
36519,1778,1788
36520,1777,1791
36521,1782,1770
36522,1783,1753
36523,1781,1744
36524,1783,1744
36525,1789,1751
36526,1790,1761
36527,1791,1767
36528,1797,1767
36529,1793,1761
36530,1791,1753
36531,1791,1747
36532,1792,1745
36533,1789,1744
36534,1782,1751
36535,1778,1764
36536,1776,1771
36537,1776,1769
36538,1778,1762
36539,1782,1758
36540,1789,1754
36541,1790,1755
36542,1783,1760
36543,1781,1763
36544,1782,1761
36545,1783,1749
36546,1789,1744
36547,1792,1744
36548,1791,1747
36549,1790,1746
36550,1786,1744
36551,1786,1751
36552,1793,1751
36553,1796,1742
36554,1796,1744
36555,1792,1758
36556,1787,1757
36557,1776,1754
36558,1776,1746
36559,1780,1741
36560,1789,1728
36561,1791,1723
36562,1789,1733
36563,1785,1754
36564,1785,1763
36565,1783,1751
36566,1783,1755
36567,1777,1763
36568,1776,1762
36569,1778,1760
36570,1776,1764
36571,1777,1770
36572,1776,1765
36573,1776,1764
36574,1776,1767
36575,1778,1767
36576,1783,1763
36577,1790,1758
36578,1788,1760
36579,1787,1774
36580,1786,1774
36581,1785,1770
36582,1789,1771
36583,1789,1769
36584,1791,1762
36585,1793,1762
36586,1789,1758
36587,1782,1760
36588,1783,1761
36589,1785,1762
36590,1789,1755
36591,1789,1753
36592,1791,1751
36593,1793,1752
36594,1792,1755
36595,1788,1759
36596,1779,1744
36597,1776,1735
36598,1775,1741
36599,1776,1751
36600,1776,1762
36601,1779,1780
36602,1785,1778
36603,1790,1763
36604,1791,1761
36605,1791,1764
36606,1787,1763
36607,1782,1765
36608,1777,1766
36609,1776,1770
36610,1776,1771
36611,1776,1762
36612,1776,1766
36613,1784,1767
36614,1787,1762
36615,1788,1748
36616,1790,1744
36617,1783,1746
36618,1778,1749
36619,1778,1755
36620,1778,1769
36621,1781,1761
36622,1779,1757
36623,1777,1757
36624,1777,1753
36625,1781,1749
36626,1781,1757
36627,1785,1771
36628,1783,1772
36629,1779,1766
36630,1776,1759
36631,1779,1755
36632,1781,1755
36633,1786,1760
36634,1782,1754
36635,1779,1749
36636,1776,1744
36637,1777,1738
36638,1776,1742
36639,1776,1761
36640,1778,1769
36641,1780,1767
36642,1783,1759
36643,1787,1751
36644,1792,1749
36645,1797,1746
36646,1794,1744
36647,1793,1735
36648,1786,1739
36649,1776,1749
36650,1775,1765
36651,1772,1779
36652,1776,1783
36653,1779,1778
36654,1780,1769
36655,1788,1757
36656,1789,1751
36657,1790,1751
36658,1790,1750
36659,1785,1756
36660,1776,1763
36661,1775,1766
36662,1777,1758
36663,1781,1745
36664,1787,1738
36665,1791,1734
36666,1789,1731
36667,1782,1744
36668,1773,1767
36669,1766,1792
36670,1767,1791
36671,1776,1778
36672,1776,1775
36673,1778,1768
36674,1779,1769
36675,1780,1772
36676,1779,1777
36677,1782,1776
36678,1786,1770
36679,1788,1765
36680,1785,1763
36681,1783,1775
36682,1781,1781
36683,1782,1782
36684,1781,1776
36685,1782,1767
36686,1783,1761
36687,1781,1757
36688,1781,1750
36689,1783,1744
36690,1787,1744
36691,1787,1744
36692,1785,1745
36693,1783,1749
36694,1781,1754
36695,1783,1751
36696,1786,1748
36697,1783,1750
36698,1780,1761
36699,1785,1765
36700,1785,1755
36701,1787,1753
36702,1791,1751
36703,1794,1751
36704,1795,1758
36705,1794,1761
36706,1789,1763
36707,1783,1768
36708,1777,1770
36709,1776,1767
36710,1777,1761
36711,1777,1761
36712,1779,1759
36713,1781,1759
36714,1783,1760
36715,1782,1762
36716,1779,1765
36717,1776,1766
36718,1776,1762
36719,1775,1759
36720,1776,1759
36721,1776,1754
36722,1779,1756
36723,1779,1758
36724,1782,1754
36725,1790,1746
36726,1793,1742
36727,1799,1741
36728,1798,1737
36729,1792,1746
36730,1789,1763
36731,1781,1763
36732,1777,1769
36733,1778,1772
36734,1779,1770
36735,1783,1765
36736,1783,1761
36737,1777,1761
36738,1776,1763
36739,1773,1763
36740,1770,1765
36741,1773,1758
36742,1776,1762
36743,1777,1757
36744,1786,1758
36745,1789,1761
36746,1790,1759
36747,1788,1763
36748,1786,1760
36749,1781,1757
36750,1776,1745
36751,1776,1734
36752,1779,1725
36753,1781,1718
36754,1781,1741
36755,1779,1766
36756,1777,1777
36757,1779,1776
36758,1779,1773
36759,1783,1765
36760,1786,1761
36761,1786,1758
36762,1782,1755
36763,1786,1751
36764,1786,1752
36765,1778,1759
36766,1778,1758
36767,1782,1757
36768,1781,1759
36769,1781,1760
36770,1780,1766
36771,1780,1770
36772,1779,1763
36773,1783,1762
36774,1783,1759
36775,1789,1760
36776,1789,1761
36777,1791,1760
36778,1791,1760
36779,1787,1759
36780,1786,1761
36781,1785,1763
36782,1779,1769
36783,1776,1767
36784,1776,1762
36785,1776,1765
36786,1776,1761
36787,1776,1765
36788,1776,1771
36789,1776,1765
36790,1776,1757
36791,1776,1755
36792,1773,1757
36793,1767,1762
36794,1765,1766
36795,1773,1767
36796,1777,1760
36797,1781,1757
36798,1788,1758
36799,1787,1764
36800,1783,1765
36801,1781,1763
36802,1782,1759
36803,1780,1751
36804,1782,1745
36805,1782,1741
36806,1782,1743
36807,1780,1745
36808,1776,1761
36809,1776,1775
36810,1781,1771
36811,1787,1744
36812,1790,1725
36813,1789,1723
36814,1779,1729
36815,1775,1753
36816,1774,1773
36817,1774,1759
36818,1774,1763
36819,1776,1774
36820,1776,1776
36821,1776,1782
36822,1781,1786
36823,1786,1777
36824,1785,1770
36825,1787,1765
36826,1783,1759
36827,1786,1762
36828,1780,1763
36829,1778,1765
36830,1777,1766
36831,1776,1767
36832,1776,1763
36833,1774,1760
36834,1776,1758
36835,1777,1756
36836,1782,1761
36837,1783,1766
36838,1781,1770
36839,1778,1769
36840,1780,1763
36841,1786,1759
36842,1789,1761
36843,1790,1757
36844,1790,1754
36845,1786,1750
36846,1783,1747
36847,1778,1747
36848,1776,1754
36849,1774,1762
36850,1772,1771
36851,1767,1774
36852,1766,1767
36853,1766,1766
36854,1770,1763
36855,1776,1762
36856,1776,1763
36857,1776,1761
36858,1776,1763
36859,1776,1755
36860,1777,1757
36861,1776,1757
36862,1776,1758
36863,1780,1763
36864,1783,1763
36865,1782,1754
36866,1783,1747
36867,1783,1746
36868,1779,1745
36869,1776,1759
36870,1776,1766
36871,1774,1762
36872,1775,1759
36873,1776,1759
36874,1782,1755
36875,1787,1755
36876,1791,1749
36877,1791,1744
36878,1787,1750
36879,1779,1766
36880,1776,1779
36881,1774,1781
36882,1774,1776
36883,1775,1772
36884,1775,1764
36885,1776,1762
36886,1776,1760
36887,1776,1759
36888,1776,1758
36889,1775,1760
36890,1773,1761
36891,1769,1766
36892,1767,1771
36893,1769,1773
36894,1767,1774
36895,1772,1776
36896,1774,1771
36897,1772,1766
36898,1775,1770
36899,1778,1760
36900,1777,1756
36901,1778,1754
36902,1777,1752
36903,1775,1759
36904,1776,1769
36905,1776,1763
36906,1777,1756
36907,1779,1751
36908,1781,1749
36909,1781,1755
36910,1781,1764
36911,1781,1765
36912,1786,1755
36913,1785,1747
36914,1779,1744
36915,1777,1745
36916,1775,1760
36917,1775,1773
36918,1772,1774
36919,1771,1771
36920,1772,1769
36921,1776,1774
36922,1776,1774
36923,1778,1767
36924,1776,1761
36925,1776,1761
36926,1774,1763
36927,1769,1770
36928,1767,1776
36929,1763,1776
36930,1765,1773
36931,1765,1767
36932,1769,1762
36933,1771,1762
36934,1773,1767
36935,1776,1767
36936,1776,1761
36937,1776,1760
36938,1778,1763
36939,1773,1759
36940,1771,1757
36941,1769,1758
36942,1770,1758
36943,1773,1760
36944,1773,1756
36945,1774,1758
36946,1773,1760
36947,1775,1761
36948,1776,1758
36949,1776,1758
36950,1778,1763
36951,1780,1763
36952,1778,1761
36953,1781,1763
36954,1777,1763
36955,1777,1761
36956,1776,1763
36957,1773,1764
36958,1774,1765
36959,1776,1763
36960,1775,1759
36961,1775,1757
36962,1776,1754
36963,1773,1747
36964,1773,1744
36965,1775,1742
36966,1775,1744
36967,1771,1755
36968,1769,1776
36969,1772,1787
36970,1775,1775
36971,1776,1760
36972,1775,1761
36973,1775,1761
36974,1770,1762
36975,1771,1761
36976,1772,1761
36977,1770,1767
36978,1771,1770
36979,1771,1769
36980,1773,1765
36981,1774,1766
36982,1776,1765
36983,1775,1765
36984,1777,1764
36985,1777,1764
36986,1777,1765
36987,1781,1769
36988,1782,1767
36989,1781,1770
36990,1783,1767
36991,1782,1766
36992,1777,1767
36993,1776,1770
36994,1776,1765
36995,1776,1762
36996,1777,1763
36997,1781,1761
36998,1779,1763
36999,1778,1759
37000,1776,1761
37001,1775,1760
37002,1773,1761
37003,1769,1760
37004,1771,1759
37005,1774,1760
37006,1774,1756
37007,1775,1754
37008,1774,1756
37009,1771,1761
37010,1771,1761
37011,1773,1763
37012,1776,1763
37013,1776,1759
37014,1779,1753
37015,1787,1753
37016,1787,1758
37017,1783,1760
37018,1779,1764
37019,1775,1769
37020,1773,1770
37021,1770,1770
37022,1771,1767
37023,1770,1761
37024,1773,1763
37025,1773,1762
37026,1775,1759
37027,1776,1760
37028,1776,1760
37029,1776,1755
37030,1776,1751
37031,1776,1747
37032,1775,1751
37033,1775,1758
37034,1773,1771
37035,1776,1775
37036,1777,1766
37037,1779,1764
37038,1783,1763
37039,1777,1763
37040,1776,1762
37041,1776,1761
37042,1776,1758
37043,1773,1759
37044,1770,1762
37045,1771,1763
37046,1772,1766
37047,1773,1767
37048,1775,1767
37049,1773,1764
37050,1774,1761
37051,1771,1757
37052,1773,1760
37053,1774,1759
37054,1775,1759
37055,1774,1760
37056,1773,1761
37057,1773,1759
37058,1771,1761
37059,1772,1762
37060,1772,1763
37061,1770,1761
37062,1774,1758
37063,1775,1761
37064,1776,1760
37065,1778,1758
37066,1781,1759
37067,1777,1759
37068,1776,1763
37069,1775,1768
37070,1771,1769
37071,1771,1768
37072,1775,1771
37073,1776,1767
37074,1780,1767
37075,1781,1765
37076,1781,1761
37077,1778,1759
37078,1776,1759
37079,1775,1760
37080,1774,1761
37081,1773,1762
37082,1771,1759
37083,1773,1755
37084,1775,1755
37085,1775,1756
37086,1774,1761
37087,1775,1767
37088,1775,1765
37089,1776,1762
37090,1775,1763
37091,1776,1763
37092,1776,1764
37093,1776,1763
37094,1776,1761
37095,1776,1761
37096,1776,1762
37097,1775,1763
37098,1774,1761
37099,1774,1760
37100,1770,1759
37101,1770,1763
37102,1771,1762
37103,1773,1760
37104,1776,1759
37105,1776,1760
37106,1776,1760
37107,1775,1760
37108,1774,1761
37109,1775,1765
37110,1771,1767
37111,1772,1770
37112,1773,1769
37113,1772,1763
37114,1775,1765
37115,1774,1764
37116,1776,1765
37117,1776,1761
37118,1776,1765
37119,1774,1763
37120,1773,1760
37121,1776,1761
37122,1776,1761
37123,1776,1761
37124,1776,1762
37125,1776,1761
37126,1773,1762
37127,1770,1763
37128,1766,1765
37129,1766,1763
37130,1769,1765
37131,1770,1767
37132,1770,1765
37133,1774,1763
37134,1774,1762
37135,1776,1761
37136,1776,1763
37137,1776,1761
37138,1776,1761
37139,1776,1762
37140,1776,1764
37141,1775,1761
37142,1775,1763
37143,1774,1761
37144,1776,1763
37145,1774,1765
37146,1775,1765
37147,1775,1766
37148,1774,1767
37149,1773,1766
37150,1773,1765
37151,1773,1765
37152,1775,1770
37153,1775,1769
37154,1775,1766
37155,1776,1762
37156,1776,1763
37157,1776,1765
37158,1775,1765
37159,1776,1762
37160,1776,1763
37161,1775,1761
37162,1776,1761
37163,1776,1761
37164,1776,1761
37165,1775,1761
37166,1771,1763
37167,1771,1761
37168,1773,1759
37169,1772,1762
37170,1776,1763
37171,1776,1762
37172,1776,1763
37173,1773,1764
37174,1773,1765
37175,1771,1766
37176,1773,1763
37177,1775,1767
37178,1775,1765
37179,1775,1765
37180,1775,1763
37181,1776,1763
37182,1775,1763
37183,1776,1763
37184,1776,1762
37185,1776,1761
37186,1776,1763
37187,1776,1760
37188,1776,1761
37189,1777,1763
37190,1776,1760
37191,1776,1761
37192,1776,1761
37193,1776,1763
37194,1772,1766
37195,1773,1765
37196,1773,1765
37197,1770,1766
37198,1771,1762
37199,1771,1762
37200,1771,1763
37201,1774,1763
37202,1772,1766
37203,1770,1765
37204,1774,1764
37205,1773,1761
37206,1773,1763
37207,1775,1765
37208,1773,1763
37209,1773,1763
37210,1774,1763
37211,1776,1765
37212,1775,1761
37213,1776,1765
37214,1776,1765
37215,1775,1761
37216,1776,1765
37217,1776,1763
37218,1776,1763
37219,1775,1761
37220,1776,1765
37221,1776,1766
37222,1776,1764
37223,1776,1762
37224,1776,1760
37225,1776,1763
37226,1776,1764
37227,1776,1766
37228,1776,1764
37229,1776,1763
37230,1776,1763
37231,1775,1761
37232,1775,1761
37233,1775,1763
37234,1775,1767
37235,1776,1766
37236,1776,1763
37237,1776,1765
37238,1775,1765
37239,1773,1766
37240,1774,1764
37241,1773,1766
37242,1773,1763
37243,1774,1766
37244,1775,1763
37245,1773,1763
37246,1775,1763
37247,1776,1765
37248,1774,1766
37249,1775,1763
37250,1774,1763
37251,1772,1765
37252,1774,1767
37253,1775,1767
37254,1776,1766
37255,1776,1767
37256,1771,1766
37257,1775,1765
37258,1776,1764
37259,1776,1765
37260,1775,1763
37261,1775,1764
37262,1776,1761
37263,1776,1766
37264,1776,1766
37265,1776,1765
37266,1776,1767
37267,1776,1763
37268,1776,1763
37269,1774,1763
37270,1775,1765
37271,1773,1761
37272,1773,1764
37273,1775,1766
37274,1773,1763
37275,1775,1764
37276,1774,1766
37277,1776,1766
37278,1775,1764
37279,1774,1765
37280,1775,1763
37281,1773,1763
37282,1774,1763
37283,1773,1765
37284,1775,1762
37285,1776,1764
37286,1773,1763
37287,1775,1763
37288,1775,1762
37289,1771,1762
37290,1773,1766
37291,1773,1766
37292,1773,1763
37293,1774,1766
37294,1774,1766
37295,1775,1767
37296,1776,1765
37297,1776,1766
37298,1776,1767
37299,1776,1762
37300,1776,1765
37301,1775,1765
37302,1773,1765
37303,1774,1766
37304,1776,1764
37305,1774,1763
37306,1776,1762
37307,1776,1765
37308,1776,1762
37309,1776,1764
37310,1776,1761
37311,1776,1760
37312,1775,1761
37313,1776,1764
37314,1774,1761
37315,1776,1761
37316,1771,1765
37317,1773,1764
37318,1773,1764
37319,1771,1762
37320,1774,1760
37321,1773,1763
37322,1771,1762
37323,1773,1760
37324,1773,1765
37325,1771,1763
37326,1773,1762
37327,1771,1762
37328,1773,1763
37329,1774,1762
37330,1773,1761
37331,1772,1761
37332,1771,1765
37333,1773,1763
37334,1775,1763
37335,1775,1763
37336,1775,1764
37337,1775,1763
37338,1776,1759
37339,1776,1761
37340,1773,1760
37341,1775,1763
37342,1775,1762
37343,1776,1763
37344,1776,1763
37345,1774,1766
37346,1775,1765
37347,1773,1764
37348,1776,1764
37349,1775,1762
37350,1773,1761
37351,1773,1759
37352,1775,1765
37353,1773,1763
37354,1771,1763
37355,1772,1763
37356,1772,1764
37357,1774,1763
37358,1773,1762
37359,1773,1763
37360,1771,1762
37361,1772,1763
37362,1770,1761
37363,1773,1763
37364,1771,1763
37365,1770,1759
37366,1771,1763
37367,1770,1763
37368,1769,1762
37369,1771,1762
37370,1771,1763
37371,1775,1762
37372,1771,1762
37373,1771,1761
37374,1771,1761
37375,1773,1760
37376,1773,1761
37377,1771,1761
37378,1772,1762
37379,1773,1764
37380,1773,1762
37381,1771,1763
37382,1772,1763
37383,1769,1762
37384,1772,1760
37385,1773,1762
37386,1772,1761
37387,1773,1761
37388,1773,1762
37389,1771,1761
37390,1774,1762
37391,1773,1763
37392,1773,1760
37393,1772,1763
37394,1770,1763
37395,1771,1762
37396,1771,1761
37397,1771,1761
37398,1770,1765
37399,1771,1762
37400,1771,1763
37401,1771,1763
37402,1771,1762
37403,1767,1761
37404,1767,1763
37405,1772,1762
37406,1771,1762
37407,1767,1760
37408,1770,1761
37409,1769,1762
37410,1771,1762
37411,1771,1764
37412,1771,1763
37413,1771,1764
37414,1773,1762
37415,1775,1760
37416,1772,1763
37417,1773,1763
37418,1773,1763
37419,1770,1761
37420,1771,1763
37421,1774,1764
37422,1773,1763
37423,1773,1762
37424,1771,1763
37425,1770,1759
37426,1770,1762
37427,1770,1762
37428,1771,1763
37429,1770,1763
37430,1769,1762
37431,1767,1762
37432,1767,1763
37433,1766,1762
37434,1767,1762
37435,1765,1763
37436,1766,1760
37437,1769,1763
37438,1764,1761
37439,1766,1761
37440,1765,1761
37441,1765,1762
37442,1767,1762
37443,1764,1761
37444,1765,1760
37445,1765,1763
37446,1766,1760
37447,1766,1760
37448,1767,1764
37449,1771,1762
37450,1771,1761
37451,1771,1761
37452,1771,1761
37453,1770,1763
37454,1771,1763
37455,1769,1763
37456,1769,1763
37457,1769,1760
37458,1772,1763
37459,1771,1761
37460,1773,1762
37461,1773,1763
37462,1772,1761
37463,1773,1763
37464,1770,1763
37465,1771,1763
37466,1771,1765
37467,1771,1761
37468,1771,1762
37469,1767,1761
37470,1771,1762
37471,1771,1763
37472,1767,1761
37473,1769,1761
37474,1767,1762
37475,1767,1760
37476,1766,1764
37477,1770,1762
37478,1767,1761
37479,1767,1764
37480,1769,1764
37481,1769,1762
37482,1767,1765
37483,1769,1762
37484,1769,1763
37485,1766,1763
37486,1767,1763
37487,1769,1763
37488,1770,1763
37489,1770,1761
37490,1771,1760
37491,1769,1762
37492,1771,1761
37493,1770,1762
37494,1773,1762
37495,1770,1761
37496,1771,1765
37497,1772,1763
37498,1771,1763
37499,1771,1764
37500,1771,1766
37501,1771,1762
37502,1771,1765
37503,1771,1765
37504,1775,1766
37505,1771,1766
37506,1771,1766
37507,1767,1765
37508,1769,1763
37509,1770,1764
37510,1771,1765
37511,1770,1763
37512,1771,1766
37513,1767,1765
37514,1769,1765
37515,1770,1763
37516,1771,1763
37517,1766,1762
37518,1767,1763
37519,1767,1764
37520,1769,1765
37521,1766,1762
37522,1767,1762
37523,1767,1762
37524,1769,1762
37525,1769,1764
37526,1769,1767
37527,1765,1764
37528,1767,1763
37529,1769,1766
37530,1766,1763
37531,1770,1763
37532,1771,1765
37533,1770,1764
37534,1772,1766
37535,1773,1763
37536,1773,1765
37537,1774,1764
37538,1773,1765
37539,1774,1763
37540,1774,1765
37541,1772,1765
37542,1772,1766
37543,1771,1765
37544,1771,1766
37545,1770,1765
37546,1773,1765
37547,1771,1764
37548,1771,1765
37549,1769,1763
37550,1769,1763
37551,1767,1764
37552,1767,1764
37553,1769,1764
37554,1766,1764
37555,1765,1763
37556,1765,1765
37557,1766,1764
37558,1766,1766
37559,1765,1766
37560,1767,1762
37561,1769,1763
37562,1767,1763
37563,1766,1763
37564,1769,1761
37565,1766,1763
37566,1767,1763
37567,1771,1766
37568,1771,1769
37569,1772,1765
37570,1771,1762
37571,1772,1763
37572,1773,1763
37573,1773,1762
37574,1775,1763
37575,1774,1766
37576,1773,1762
37577,1772,1765
37578,1771,1764
37579,1769,1762
37580,1771,1763
37581,1770,1765
37582,1771,1766
37583,1773,1766
37584,1771,1767
37585,1770,1765
37586,1770,1765
37587,1771,1764
37588,1771,1766
37589,1771,1765
37590,1771,1766
37591,1771,1767
37592,1769,1770
37593,1772,1768
37594,1772,1765
37595,1767,1765
37596,1765,1766
37597,1767,1766
37598,1769,1765
37599,1769,1765
37600,1768,1767
37601,1769,1769
37602,1770,1763
37603,1769,1765
37604,1769,1766
37605,1773,1765
37606,1770,1765
37607,1770,1765
37608,1770,1765
37609,1771,1766
37610,1771,1765
37611,1771,1763
37612,1774,1764
37613,1773,1768
37614,1770,1765
37615,1772,1766
37616,1774,1766
37617,1772,1767
37618,1774,1765
37619,1772,1765
37620,1770,1765
37621,1773,1765
37622,1770,1765
37623,1771,1765
37624,1771,1770
37625,1772,1765
37626,1769,1766
37627,1772,1766
37628,1769,1764
37629,1769,1764
37630,1768,1763
37631,1769,1763
37632,1766,1761
37633,1770,1764
37634,1767,1764
37635,1770,1763
37636,1769,1765
37637,1770,1765
37638,1771,1765
37639,1771,1764
37640,1769,1765
37641,1766,1761
37642,1767,1764
37643,1767,1767
37644,1767,1766
37645,1771,1765
37646,1770,1765
37647,1771,1766
37648,1773,1765
37649,1771,1766
37650,1773,1766
37651,1773,1763
37652,1773,1765
37653,1773,1765
37654,1773,1764
37655,1772,1765
37656,1773,1765
37657,1773,1766
37658,1776,1767
37659,1774,1764
37660,1775,1766
37661,1774,1765
37662,1773,1769
37663,1773,1769
37664,1773,1763
37665,1773,1765
37666,1773,1765
37667,1773,1766
37668,1771,1766
37669,1773,1765
37670,1769,1766
37671,1771,1767
37672,1770,1762
37673,1767,1767
37674,1767,1765
37675,1767,1766
37676,1770,1765
37677,1766,1767
37678,1771,1767
37679,1769,1767
37680,1771,1766
37681,1767,1766
37682,1769,1766
37683,1770,1765
37684,1772,1766
37685,1771,1767
37686,1771,1767
37687,1771,1765
37688,1772,1766
37689,1773,1764
37690,1770,1766
37691,1772,1765
37692,1773,1765
37693,1771,1765
37694,1772,1762
37695,1770,1763
37696,1773,1764
37697,1773,1766
37698,1774,1763
37699,1772,1765
37700,1773,1763
37701,1775,1766
37702,1773,1765
37703,1772,1763
37704,1769,1763
37705,1772,1766
37706,1771,1766
37707,1772,1763
37708,1771,1765
37709,1769,1765
37710,1769,1766
37711,1769,1765
37712,1773,1765
37713,1771,1767
37714,1773,1767
37715,1771,1766
37716,1769,1765
37717,1769,1763
37718,1772,1765
37719,1767,1767
37720,1770,1766
37721,1773,1767
37722,1771,1766
37723,1771,1766
37724,1773,1766
37725,1772,1766
37726,1774,1767
37727,1775,1769
37728,1772,1765
37729,1774,1765
37730,1773,1765
37731,1771,1763
37732,1773,1766
37733,1774,1767
37734,1773,1763
37735,1774,1763
37736,1771,1765
37737,1774,1765
37738,1774,1766
37739,1774,1767
37740,1775,1764
37741,1773,1767
37742,1775,1766
37743,1774,1767
37744,1773,1765
37745,1774,1766
37746,1775,1768
37747,1774,1767
37748,1773,1766
37749,1771,1765
37750,1771,1767
37751,1767,1766
37752,1772,1762
37753,1771,1766
37754,1770,1763
37755,1771,1767
37756,1771,1766
37757,1773,1766
37758,1769,1767
37759,1766,1764
37760,1770,1766
37761,1770,1766
37762,1770,1765
37763,1771,1763
37764,1771,1764
37765,1772,1766
37766,1773,1763
37767,1773,1765
37768,1773,1766
37769,1774,1764
37770,1775,1766
37771,1773,1766
37772,1771,1763
37773,1774,1765
37774,1771,1765
37775,1773,1763
37776,1774,1765
37777,1774,1764
37778,1773,1765
37779,1770,1762
37780,1774,1763
37781,1772,1764
37782,1773,1766
37783,1773,1763
37784,1772,1763
37785,1774,1762
37786,1774,1763
37787,1774,1765
37788,1773,1766
37789,1774,1765
37790,1770,1766
37791,1771,1767
37792,1771,1765
37793,1771,1765
37794,1769,1765
37795,1771,1766
37796,1773,1766
37797,1770,1765
37798,1770,1767
37799,1770,1765
37800,1770,1763
37801,1771,1765
37802,1771,1765
37803,1773,1765
37804,1772,1767
37805,1771,1766
37806,1773,1766
37807,1775,1766
37808,1775,1766
37809,1773,1763
37810,1775,1767
37811,1774,1765
37812,1776,1767
37813,1776,1766
37814,1775,1765
37815,1774,1766
37816,1773,1767
37817,1775,1766
37818,1774,1766
37819,1775,1765
37820,1774,1766
37821,1773,1766
37822,1776,1767
37823,1774,1765
37824,1774,1767
37825,1773,1769
37826,1772,1766
37827,1771,1766
37828,1772,1765
37829,1771,1764
37830,1773,1764
37831,1770,1763
37832,1771,1764
37833,1773,1765
37834,1771,1763
37835,1773,1765
37836,1770,1765
37837,1771,1763
37838,1773,1765
37839,1771,1767
37840,1771,1766
37841,1773,1764
37842,1773,1766
37843,1771,1764
37844,1774,1765
37845,1773,1766
37846,1773,1763
37847,1774,1763
37848,1775,1763
37849,1774,1762
37850,1776,1765
37851,1775,1763
37852,1775,1764
37853,1774,1765
37854,1773,1764
37855,1774,1765
37856,1773,1762
37857,1773,1763
37858,1774,1763
37859,1773,1763
37860,1774,1764
37861,1773,1764
37862,1773,1765
37863,1773,1765
37864,1773,1763
37865,1773,1766
37866,1770,1761
37867,1771,1765
37868,1773,1766
37869,1773,1765
37870,1773,1766
37871,1773,1766
37872,1773,1766
37873,1770,1763
37874,1771,1762
37875,1771,1766
37876,1773,1762
37877,1770,1766
37878,1771,1765
37879,1772,1765
37880,1771,1763
37881,1774,1765
37882,1771,1763
37883,1773,1765
37884,1775,1766
37885,1773,1765
37886,1772,1763
37887,1774,1764
37888,1774,1765
37889,1774,1763
37890,1775,1765
37891,1775,1763
37892,1773,1765
37893,1774,1764
37894,1774,1763
37895,1776,1762
37896,1774,1765
37897,1775,1762
37898,1775,1763
37899,1776,1766
37900,1775,1764
37901,1774,1765
37902,1775,1767
37903,1773,1766
37904,1776,1765
37905,1774,1765
37906,1773,1767
37907,1775,1764
37908,1773,1765
37909,1773,1766
37910,1771,1762
37911,1771,1765
37912,1771,1763
37913,1770,1762
37914,1770,1766
37915,1772,1764
37916,1770,1766
37917,1773,1765
37918,1771,1767
37919,1774,1763
37920,1775,1763
37921,1771,1763
37922,1774,1762
37923,1771,1764
37924,1773,1765
37925,1775,1765
37926,1776,1767
37927,1775,1763
37928,1775,1765
37929,1776,1763
37930,1775,1766
37931,1776,1767
37932,1776,1766
37933,1774,1761
37934,1775,1765
37935,1775,1765
37936,1774,1764
37937,1776,1764
37938,1775,1766
37939,1775,1765
37940,1776,1765
37941,1776,1766
37942,1775,1765
37943,1775,1762
37944,1775,1764
37945,1774,1763
37946,1775,1764
37947,1774,1762
37948,1771,1764
37949,1771,1762
37950,1773,1763
37951,1771,1766
37952,1772,1764
37953,1772,1763
37954,1771,1765
37955,1771,1765
37956,1771,1766
37957,1772,1765
37958,1774,1764
37959,1775,1763
37960,1774,1763
37961,1771,1762
37962,1775,1762
37963,1774,1765
37964,1775,1763
37965,1775,1767
37966,1776,1765
37967,1776,1766
37968,1775,1765
37969,1776,1763
37970,1776,1763
37971,1775,1766
37972,1776,1767
37973,1776,1765
37974,1776,1766
37975,1776,1763
37976,1775,1763
37977,1775,1763
37978,1775,1765
37979,1776,1766
37980,1775,1763
37981,1774,1764
37982,1775,1763
37983,1775,1767
37984,1773,1765
37985,1773,1766
37986,1775,1765
37987,1774,1767
37988,1772,1767
37989,1773,1766
37990,1773,1766
37991,1773,1766
37992,1771,1767
37993,1774,1767
37994,1774,1763
37995,1773,1769
37996,1770,1771
37997,1771,1767
37998,1774,1767
37999,1775,1765
38000,1775,1767
38001,1773,1766
38002,1774,1770
38003,1774,1765
38004,1775,1764
38005,1775,1764
38006,1775,1763
38007,1776,1763
38008,1776,1766
38009,1776,1764
38010,1776,1766
38011,1776,1765
38012,1775,1763
38013,1774,1763
38014,1774,1761
38015,1775,1766
38016,1775,1765
38017,1774,1765
38018,1773,1765
38019,1773,1763
38020,1774,1765
38021,1774,1767
38022,1773,1765
38023,1772,1765
38024,1771,1764
38025,1769,1763
38026,1773,1761
38027,1771,1763
38028,1773,1765
38029,1774,1766
38030,1771,1767
38031,1772,1765
38032,1771,1767
38033,1774,1766
38034,1773,1766
38035,1774,1766
38036,1772,1767
38037,1775,1765
38038,1773,1766
38039,1774,1766
38040,1774,1765
38041,1775,1766
38042,1775,1765
38043,1775,1763
38044,1775,1764
38045,1775,1762
38046,1776,1765
38047,1775,1765
38048,1776,1765
38049,1776,1765
38050,1774,1763
38051,1775,1764
38052,1775,1764
38053,1776,1766
38054,1775,1764
38055,1775,1763
38056,1776,1762
38057,1776,1769
38058,1775,1769
38059,1773,1767
38060,1773,1765
38061,1773,1767
38062,1774,1766
38063,1773,1767
38064,1774,1767
38065,1772,1764
38066,1771,1763
38067,1771,1764
38068,1771,1765
38069,1774,1763
38070,1771,1766
38071,1774,1765
38072,1773,1766
38073,1775,1765
38074,1775,1766
38075,1773,1766
38076,1774,1766
38077,1776,1765
38078,1774,1765
38079,1776,1764
38080,1776,1763
38081,1776,1763
38082,1775,1766
38083,1775,1765
38084,1775,1766
38085,1776,1763
38086,1776,1765
38087,1776,1765
38088,1776,1769
38089,1776,1766
38090,1776,1770
38091,1776,1764
38092,1776,1765
38093,1776,1765
38094,1776,1765
38095,1776,1766
38096,1776,1765
38097,1776,1766
38098,1776,1765
38099,1776,1763
38100,1775,1766
38101,1775,1765
38102,1774,1765
38103,1774,1765
38104,1772,1766
38105,1773,1765
38106,1774,1767
38107,1773,1765
38108,1776,1767
38109,1774,1767
38110,1774,1766
38111,1775,1766
38112,1772,1763
38113,1774,1766
38114,1774,1765
38115,1773,1766
38116,1775,1766
38117,1775,1767
38118,1775,1765
38119,1775,1765
38120,1775,1765
38121,1776,1765
38122,1775,1764
38123,1774,1765
38124,1775,1763
38125,1776,1765
38126,1776,1765
38127,1776,1769
38128,1776,1768
38129,1775,1767
38130,1776,1767
38131,1776,1765
38132,1776,1765
38133,1775,1765
38134,1776,1763
38135,1775,1763
38136,1776,1766
38137,1775,1766
38138,1775,1763
38139,1776,1765
38140,1774,1765
38141,1776,1766
38142,1775,1764
38143,1773,1767
38144,1775,1766
38145,1772,1765
38146,1774,1766
38147,1773,1765
38148,1774,1762
38149,1774,1765
38150,1773,1763
38151,1775,1766
38152,1774,1765
38153,1775,1765
38154,1776,1766
38155,1776,1767
38156,1774,1767
38157,1774,1767
38158,1775,1764
38159,1771,1764
38160,1776,1763
38161,1776,1765
38162,1775,1763
38163,1775,1762
38164,1776,1766
38165,1774,1763
38166,1776,1763
38167,1775,1766
38168,1775,1766
38169,1776,1765
38170,1775,1762
38171,1774,1766
38172,1773,1765
38173,1771,1763
38174,1774,1767
38175,1775,1765
38176,1775,1763
38177,1774,1767
38178,1771,1764
38179,1772,1763
38180,1773,1765
38181,1773,1764
38182,1772,1763
38183,1773,1765
38184,1772,1763
38185,1774,1765
38186,1774,1763
38187,1774,1765
38188,1773,1765
38189,1774,1763
38190,1771,1764
38191,1773,1766
38192,1773,1766
38193,1773,1763
38194,1774,1762
38195,1774,1767
38196,1774,1764
38197,1771,1767
38198,1775,1764
38199,1776,1765
38200,1773,1763
38201,1773,1765
38202,1775,1762
38203,1776,1766
38204,1775,1765
38205,1775,1763
38206,1776,1765
38207,1776,1765
38208,1775,1766
38209,1775,1766
38210,1774,1766
38211,1774,1765
38212,1776,1765
38213,1775,1765
38214,1773,1766
38215,1773,1766
38216,1772,1765
38217,1775,1765
38218,1773,1763
38219,1773,1763
38220,1773,1762
38221,1772,1762
38222,1773,1762
38223,1773,1765
38224,1774,1765
38225,1773,1762
38226,1771,1765
38227,1771,1764
38228,1771,1764
38229,1771,1763
38230,1771,1766
38231,1771,1764
38232,1770,1766
38233,1769,1765
38234,1773,1763
38235,1773,1766
38236,1774,1766
38237,1774,1763
38238,1773,1763
38239,1775,1765
38240,1775,1767
38241,1776,1765
38242,1776,1763
38243,1774,1766
38244,1775,1763
38245,1775,1765
38246,1776,1765
38247,1774,1763
38248,1775,1765
38249,1775,1764
38250,1773,1765
38251,1775,1765
38252,1774,1764
38253,1774,1763
38254,1775,1765
38255,1775,1763
38256,1774,1763
38257,1771,1765
38258,1771,1765
38259,1772,1765
38260,1772,1769
38261,1770,1765
38262,1769,1766
38263,1771,1765
38264,1769,1763
38265,1770,1765
38266,1773,1764
38267,1773,1766
38268,1771,1763
38269,1771,1763
38270,1771,1762
38271,1771,1762
38272,1771,1763
38273,1771,1766
38274,1770,1763
38275,1773,1763
38276,1773,1762
38277,1773,1765
38278,1774,1763
38279,1776,1767
38280,1775,1764
38281,1774,1765
38282,1774,1765
38283,1775,1765
38284,1773,1767
38285,1774,1766
38286,1773,1766
38287,1775,1766
38288,1774,1763
38289,1772,1765
38290,1773,1765
38291,1771,1764
38292,1774,1764
38293,1774,1764
38294,1773,1762
38295,1775,1764
38296,1775,1763
38297,1773,1766
38298,1771,1765
38299,1773,1765
38300,1775,1765
38301,1774,1765
38302,1770,1763
38303,1770,1762
38304,1767,1762
38305,1770,1763
38306,1771,1763
38307,1770,1765
38308,1770,1764
38309,1771,1765
38310,1769,1766
38311,1771,1765
38312,1771,1765
38313,1771,1765
38314,1774,1766
38315,1774,1766
38316,1775,1764
38317,1774,1766
38318,1774,1762
38319,1774,1764
38320,1775,1763
38321,1774,1765
38322,1776,1767
38323,1775,1766
38324,1775,1765
38325,1776,1767
38326,1774,1764
38327,1773,1767
38328,1774,1763
38329,1775,1763
38330,1775,1766
38331,1775,1765
38332,1776,1765
38333,1776,1766
38334,1773,1764
38335,1774,1763
38336,1773,1763
38337,1772,1764
38338,1772,1766
38339,1774,1764
38340,1773,1765
38341,1773,1766
38342,1770,1766
38343,1772,1766
38344,1773,1764
38345,1771,1763
38346,1773,1763
38347,1772,1766
38348,1772,1763
38349,1770,1765
38350,1773,1762
38351,1774,1762
38352,1771,1766
38353,1773,1765
38354,1774,1766
38355,1774,1762
38356,1775,1762
38357,1774,1766
38358,1775,1767
38359,1776,1764
38360,1774,1765
38361,1774,1764
38362,1775,1766
38363,1773,1766
38364,1775,1764
38365,1775,1765
38366,1776,1765
38367,1776,1765
38368,1775,1763
38369,1776,1766
38370,1774,1765
38371,1775,1763
38372,1771,1764
38373,1775,1763
38374,1775,1762
38375,1771,1763
38376,1773,1766
38377,1773,1764
38378,1773,1762
38379,1773,1765
38380,1773,1765
38381,1773,1766
38382,1771,1766
38383,1772,1764
38384,1773,1763
38385,1773,1764
38386,1772,1763
38387,1773,1765
38388,1773,1766
38389,1775,1766
38390,1772,1767
38391,1773,1765
38392,1774,1765
38393,1775,1766
38394,1775,1766
38395,1774,1763
38396,1773,1766
38397,1775,1764
38398,1776,1766
38399,1776,1765
38400,1776,1765
38401,1776,1767
38402,1776,1762
38403,1775,1765
38404,1775,1767
38405,1775,1766
38406,1775,1767
38407,1776,1765
38408,1775,1763
38409,1775,1766
38410,1775,1765
38411,1775,1767
38412,1774,1766
38413,1774,1765
38414,1773,1765
38415,1774,1766
38416,1771,1767
38417,1775,1764
38418,1773,1767
38419,1776,1765
38420,1775,1763
38421,1773,1765
38422,1771,1764
38423,1773,1765
38424,1773,1765
38425,1775,1766
38426,1773,1766
38427,1774,1765
38428,1774,1766
38429,1775,1766
38430,1775,1766
38431,1776,1766
38432,1776,1765
38433,1775,1767
38434,1776,1764
38435,1775,1766
38436,1775,1766
38437,1776,1765
38438,1776,1763
38439,1776,1765
38440,1775,1764
38441,1776,1764
38442,1776,1763
38443,1776,1765
38444,1776,1764
38445,1776,1763
38446,1776,1766
38447,1776,1764
38448,1776,1764
38449,1776,1766
38450,1775,1764
38451,1775,1765
38452,1774,1766
38453,1776,1765
38454,1773,1763
38455,1775,1763
38456,1775,1765
38457,1774,1764
38458,1776,1766
38459,1774,1766
38460,1775,1767
38461,1776,1765
38462,1775,1764
38463,1775,1763
38464,1775,1762
38465,1775,1765
38466,1775,1761
38467,1773,1765
38468,1776,1766
38469,1775,1764
38470,1776,1764
38471,1775,1766
38472,1776,1766
38473,1775,1766
38474,1776,1767
38475,1775,1766
38476,1776,1765
38477,1775,1767
38478,1776,1763
38479,1776,1764
38480,1775,1763
38481,1776,1765
38482,1776,1763
38483,1776,1761
38484,1776,1766
38485,1776,1766
38486,1776,1763
38487,1777,1763
38488,1776,1765
38489,1776,1763
38490,1776,1763
38491,1776,1762
38492,1776,1765
38493,1775,1765
38494,1774,1765
38495,1776,1765
38496,1775,1766
38497,1776,1763
38498,1775,1766
38499,1775,1765
38500,1775,1763
38501,1774,1767
38502,1775,1765
38503,1774,1766
38504,1775,1764
38505,1774,1765
38506,1775,1765
38507,1776,1764
38508,1776,1763
38509,1776,1765
38510,1776,1766
38511,1776,1765
38512,1776,1764
38513,1776,1765
38514,1776,1766
38515,1776,1763
38516,1776,1767
38517,1776,1764
38518,1776,1765
38519,1777,1766
38520,1776,1763
38521,1776,1766
38522,1777,1765
38523,1777,1767
38524,1776,1763
38525,1776,1763
38526,1776,1765
38527,1776,1763
38528,1776,1766
38529,1776,1763
38530,1776,1765
38531,1776,1762
38532,1776,1765
38533,1776,1762
38534,1775,1765
38535,1774,1762
38536,1775,1763
38537,1776,1763
38538,1776,1767
38539,1774,1762
38540,1773,1762
38541,1776,1765
38542,1775,1765
38543,1776,1765
38544,1775,1765
38545,1775,1766
38546,1776,1762
38547,1775,1765
38548,1775,1766
38549,1776,1763
38550,1776,1767
38551,1776,1765
38552,1776,1763
38553,1776,1765
38554,1776,1767
38555,1776,1766
38556,1776,1763
38557,1776,1763
38558,1775,1764
38559,1776,1764
38560,1776,1765
38561,1776,1764
38562,1776,1763
38563,1774,1767
38564,1775,1766
38565,1775,1766
38566,1776,1764
38567,1774,1765
38568,1774,1763
38569,1775,1764
38570,1775,1763
38571,1775,1764
38572,1775,1763
38573,1775,1765
38574,1773,1766
38575,1771,1762
38576,1775,1767
38577,1774,1765
38578,1775,1765
38579,1773,1764
38580,1773,1763
38581,1773,1763
38582,1774,1764
38583,1772,1765
38584,1774,1765
38585,1775,1763
38586,1775,1764
38587,1775,1763
38588,1776,1765
38589,1776,1763
38590,1776,1762
38591,1776,1763
38592,1776,1764
38593,1775,1764
38594,1776,1765
38595,1776,1766
38596,1776,1766
38597,1777,1765
38598,1776,1762
38599,1776,1763
38600,1776,1766
38601,1776,1762
38602,1776,1763
38603,1776,1765
38604,1777,1765
38605,1776,1765
38606,1776,1767
38607,1776,1766
38608,1776,1766
38609,1776,1763
38610,1776,1765
38611,1776,1764
38612,1776,1765
38613,1776,1764
38614,1776,1763
38615,1775,1764
38616,1776,1763
38617,1775,1764
38618,1776,1763
38619,1776,1765
38620,1776,1767
38621,1776,1763
38622,1776,1763
38623,1776,1766
38624,1776,1766
38625,1776,1766
38626,1776,1765
38627,1776,1765
38628,1776,1762
38629,1776,1765
38630,1776,1767
38631,1776,1763
38632,1776,1765
38633,1777,1764
38634,1777,1767
38635,1776,1762
38636,1777,1763
38637,1777,1765
38638,1777,1769
38639,1777,1763
38640,1778,1767
38641,1777,1765
38642,1776,1767
38643,1778,1766
38644,1777,1766
38645,1777,1765
38646,1776,1763
38647,1777,1764
38648,1776,1763
38649,1776,1762
38650,1776,1763
38651,1776,1763
38652,1776,1763
38653,1776,1763
38654,1776,1763
38655,1776,1763
38656,1776,1762
38657,1776,1765
38658,1776,1763
38659,1776,1763
38660,1776,1765
38661,1776,1765
38662,1776,1765
38663,1776,1764
38664,1776,1762
38665,1776,1770
38666,1776,1763
38667,1776,1765
38668,1776,1766
38669,1776,1763
38670,1776,1765
38671,1778,1764
38672,1777,1764
38673,1777,1764
38674,1777,1763
38675,1776,1765
38676,1776,1764
38677,1777,1767
38678,1776,1764
38679,1777,1765
38680,1778,1761
38681,1776,1765
38682,1777,1762
38683,1778,1761
38684,1779,1761
38685,1777,1763
38686,1776,1766
38687,1776,1764
38688,1776,1763
38689,1776,1764
38690,1776,1763
38691,1775,1761
38692,1776,1763
38693,1776,1767
38694,1776,1763
38695,1775,1767
38696,1776,1764
38697,1776,1763
38698,1776,1765
38699,1776,1765
38700,1776,1763
38701,1776,1765
38702,1776,1766
38703,1776,1765
38704,1776,1763
38705,1776,1766
38706,1776,1766
38707,1776,1763
38708,1776,1762
38709,1776,1767
38710,1777,1764
38711,1778,1763
38712,1777,1763
38713,1777,1765
38714,1778,1764
38715,1778,1766
38716,1776,1765
38717,1777,1765
38718,1779,1765
38719,1777,1765
38720,1777,1767
38721,1778,1765
38722,1776,1765
38723,1778,1766
38724,1777,1764
38725,1778,1766
38726,1776,1761
38727,1776,1763
38728,1776,1765
38729,1776,1765
38730,1777,1765
38731,1776,1763
38732,1776,1763
38733,1776,1763
38734,1776,1762
38735,1776,1761
38736,1776,1763
38737,1776,1760
38738,1776,1762
38739,1776,1762
38740,1776,1762
38741,1776,1762
38742,1776,1763
38743,1776,1762
38744,1776,1764
38745,1776,1766
38746,1776,1763
38747,1776,1765
38748,1776,1762
38749,1778,1762
38750,1776,1763
38751,1776,1764
38752,1777,1765
38753,1776,1763
38754,1776,1763
38755,1777,1763
38756,1777,1763
38757,1777,1766
38758,1776,1763
38759,1777,1762
38760,1778,1764
38761,1779,1763
38762,1776,1761
38763,1776,1764
38764,1776,1765
38765,1776,1762
38766,1776,1764
38767,1775,1762
38768,1776,1762
38769,1776,1761
38770,1776,1763
38771,1776,1763
38772,1776,1762
38773,1776,1763
38774,1778,1762
38775,1776,1765
38776,1776,1763
38777,1776,1761
38778,1776,1765
38779,1776,1762
38780,1776,1766
38781,1776,1765
38782,1776,1765
38783,1776,1764
38784,1776,1765
38785,1776,1763
38786,1776,1765
38787,1779,1763
38788,1776,1763
38789,1776,1763
38790,1777,1765
38791,1780,1767
38792,1779,1762
38793,1778,1764
38794,1777,1763
38795,1778,1765
38796,1778,1765
38797,1777,1765
38798,1777,1765
38799,1777,1765
38800,1777,1765
38801,1777,1764
38802,1777,1764
38803,1777,1762
38804,1776,1763
38805,1776,1763
38806,1777,1763
38807,1776,1763
38808,1776,1763
38809,1777,1763
38810,1776,1766
38811,1776,1767
